instance_number;solution_method;solutionCosts;optimal;total_time;int_objective_bound
1;mzn-gurobi;0.792571429;1;0.572435;24966.0
1;mzn-gurobiWS-LB-UB;0.7925714285714286;1;0.924036;24966.0
1;opl-reprjob-LB-UB;0.7925714285714286;1;0.39;24966.0
1;opl-reprjob-LB-WS-UB;0.7925714285714286;1;0.42;24966.0
1;mzn-gurobi-LB-noUB;0.7925714285714286;1;1.210305;24966.0
1;opl-reprjob-LB-noUB;0.7925714285714286;1;0.36;24966.0
1;mzn-gurobiWS-LB-noUB;0.7925714285714286;1;1.169393;24966.0
1;opl-reprjob-LB-WS-noUB;0.7925714285714286;1;0.42;24966.0
1;opl-reprjob;0.792571429;1;0.31;24966.0
1;opl-reprjob-WS;0.792571429;1;0.44;24966.0
1;mzn-gurobi-WS;0.792571429;1;0.536786;24966.0
1;mzn-gurobi-LB-UB;0.7925714285714286;1;1.2619889999999998;24966.0
2;mzn-gurobiWS-LB-noUB;0.977936507936508;1;1.06183;24644.0
2;mzn-gurobi-LB-UB;0.977936507936508;1;1.31925;24644.0
2;mzn-gurobi-LB-noUB;0.977936507936508;1;1.809775;24644.0
2;opl-reprjob-LB-WS-noUB;0.977936507936508;1;0.38;24644.0
2;opl-reprjob-LB-WS-UB;0.977936507936508;1;0.39;24644.0
2;mzn-gurobiWS-LB-UB;0.977936507936508;1;1.6303040000000002;24644.0
2;opl-reprjob-LB-noUB;0.977936507936508;1;0.34;24644.0
2;opl-reprjob-LB-UB;0.977936507936508;1;0.33;24644.0
2;opl-reprjob;0.977936508;1;0.32;24644.0
2;opl-reprjob-WS;0.977936508;1;0.46;24644.0
2;mzn-gurobi;0.977936508;1;0.688148;24644.0
2;mzn-gurobi-WS;0.977936508;1;0.771971;24644.0
3;mzn-gurobiWS-LB-UB;0.2255555555555555;1;1.03359;1421.0
3;opl-reprjob-LB-UB;0.2255555555555555;1;0.08;1421.0
3;opl-reprjob-LB-noUB;0.2255555555555555;1;0.09;1421.0
3;mzn-gurobiWS-LB-noUB;0.2255555555555555;1;0.847416;1421.0
3;opl-reprjob-WS;0.225555556;1;0.11;1421.0
3;mzn-gurobi-LB-UB;0.2255555555555555;1;1.068095;1421.0
3;opl-reprjob-LB-WS-UB;0.2255555555555555;1;0.08;1421.0
3;opl-reprjob-LB-WS-noUB;0.2255555555555555;1;0.09;1421.0
3;opl-reprjob;0.225555556;1;0.09;1421.0
3;mzn-gurobi-WS;0.225555556;1;1.199013;1421.0
3;mzn-gurobi;0.225555556;1;1.108841;1421.0
3;mzn-gurobi-LB-noUB;0.2255555555555555;1;1.776132;1421.0
4;opl-reprjob-WS;0.492380952;1;0.77;3102.0
4;mzn-gurobiWS-LB-noUB;0.4923809523809523;1;5.774973;3102.0
4;opl-reprjob-LB-UB;0.4923809523809523;1;0.97;3102.0
4;mzn-gurobi;0.492380952;1;4.072088;3102.0
4;opl-reprjob;0.492380952;1;0.68;3102.0
4;opl-reprjob-LB-WS-UB;0.4923809523809523;1;0.66;3102.0
4;mzn-gurobiWS-LB-UB;0.4923809523809523;1;3.855719;3102.0
4;opl-reprjob-LB-WS-noUB;0.4923809523809523;1;0.6;3102.0
4;mzn-gurobi-LB-UB;0.4923809523809523;1;8.13031;3102.0
4;opl-reprjob-LB-noUB;0.4923809523809523;1;0.54;3102.0
4;mzn-gurobi-LB-noUB;0.4923809523809523;1;5.110267;3102.0
4;mzn-gurobi-WS;0.492380952;1;4.38113;3102.0
5;mzn-gurobiWS-LB-noUB;0.308648056923919;1;6.625883;1184190.0
5;opl-reprjob-LB-WS-noUB;0.308648056923919;1;0.88;1184190.0
5;mzn-gurobi-LB-noUB;0.308648056923919;1;9.564358;1184190.0
5;opl-reprjob-LB-WS-UB;0.308648056923919;1;0.87;1184190.0
5;opl-reprjob-WS;0.308648057;1;0.91;1184190.0
5;opl-reprjob;0.308648057;1;0.85;1184190.0
5;mzn-gurobiWS-LB-UB;0.308648056923919;1;5.273711;1184190.0
5;mzn-gurobi-LB-UB;0.308648056923919;1;14.418573;1184190.0
5;opl-reprjob-LB-noUB;0.308648056923919;1;1.31;1184190.0
5;opl-reprjob-LB-UB;0.308648056923919;1;1.29;1184190.0
5;mzn-gurobi;0.308648057;1;5.518763;1184190.0
5;mzn-gurobi-WS;0.308648057;1;4.386372;1184190.0
6;opl-reprjob-LB-noUB;0.9765079365079364;1;2.5;6152.0
6;mzn-gurobiWS-LB-noUB;0.9765079365079364;1;1.253623;6152.0
6;mzn-gurobi-LB-noUB;0.9765079365079364;1;1.222045;6152.0
6;opl-reprjob-LB-WS-noUB;0.9765079365079364;1;2.67;6152.0
6;mzn-gurobi-WS;0.976507937;1;1.582743;6152.0
6;mzn-gurobi;0.976507937;1;1.863896;6152.0
6;opl-reprjob-LB-WS-UB;0.9765079365079364;1;2.81;6152.0
6;opl-reprjob;0.976507937;1;3.33;6152.0
6;opl-reprjob-LB-UB;0.9765079365079364;1;2.33;6152.0
6;mzn-gurobi-LB-UB;0.9765079365079364;1;1.624832;6152.0
6;opl-reprjob-WS;0.976507937;1;3.88;6152.0
6;mzn-gurobiWS-LB-UB;0.9765079365079364;1;1.605791;6152.0
7;opl-reprjob-LB-WS-UB;0.9928679583449214;1;39.06;38556240.0
7;opl-reprjob-LB-noUB;0.9928679583449214;1;45.22;38556240.0
7;opl-reprjob;0.992867958;1;34.95;38556240.0
7;mzn-gurobi-LB-UB;0.9928679583449214;1;1.438976;38556240.0
7;opl-reprjob-WS;0.992867958;1;35.68;38556240.0
7;mzn-gurobiWS-LB-noUB;0.9928679583449214;1;1.134504;38556240.0
7;mzn-gurobi-WS;0.992867958;1;1.567067;38556240.0
7;opl-reprjob-LB-WS-noUB;0.9928679583449214;1;44.04;38556240.0
7;opl-reprjob-LB-UB;0.9928679583449214;1;38.59;38556240.0
7;mzn-gurobi-LB-noUB;0.9928679583449214;1;1.111356;38556240.0
7;mzn-gurobiWS-LB-UB;0.9928679583449214;1;1.103546;38556240.0
7;mzn-gurobi;0.992867958;1;1.051983;38556240.0
8;mzn-gurobi-LB-UB;0.9904277643260694;1;1.093729;12884970.0
8;opl-reprjob-LB-WS-UB;0.9904277643260694;1;0.05;12884970.0
8;mzn-gurobiWS-LB-UB;0.9904277643260694;1;1.128178;12884970.0
8;opl-reprjob-LB-UB;0.9904277643260694;1;0.04;12884970.0
8;mzn-gurobi-LB-noUB;0.9904277643260694;1;1.225254;12884970.0
8;opl-reprjob-LB-noUB;0.9904277643260694;1;0.14;12884970.0
8;opl-reprjob-LB-WS-noUB;0.9904277643260694;1;0.09;12884970.0
8;mzn-gurobiWS-LB-noUB;0.9904277643260694;1;0.8404119999999999;12884970.0
8;mzn-gurobi;0.990427764;1;6.380292;12884970.0
8;mzn-gurobi-WS;0.990427764;1;1.455753;12884970.0
8;opl-reprjob-WS;0.990427764;1;3.86;12884970.0
8;opl-reprjob;0.990427764;1;0.15;12884970.0
9;opl-reprjob;0.802674772;1;0.1;2495556.0
9;opl-reprjob-LB-UB;0.8026747720364742;1;0.06;2495556.0
9;opl-reprjob-LB-noUB;0.8026747720364742;1;0.06;2495556.0
9;opl-reprjob-LB-WS-UB;0.8026747720364742;1;0.09;2495556.0
9;mzn-gurobi-LB-UB;0.8026747720364742;1;1.348315;2495556.0
9;opl-reprjob-WS;0.802674772;1;0.07;2495556.0
9;mzn-gurobi;0.802674772;1;0.794022;2495556.0
9;mzn-gurobiWS-LB-UB;0.8026747720364742;1;1.828573;2495556.0
9;mzn-gurobi-WS;0.802674772;1;0.693875;2495556.0
9;mzn-gurobi-LB-noUB;0.8026747720364742;1;1.224815;2495556.0
9;opl-reprjob-LB-WS-noUB;0.8026747720364742;1;0.12;2495556.0
9;mzn-gurobiWS-LB-noUB;0.8026747720364742;1;1.169387;2495556.0
10;mzn-gurobi-LB-noUB;0.6965333333333333;1;1.876782;1170176.0
10;mzn-gurobiWS-LB-noUB;0.6965333333333333;1;1.926954;1170176.0
10;opl-reprjob-LB-WS-noUB;0.6965333333333333;1;0.81;1170176.0
10;opl-reprjob-LB-UB;0.6965333333333333;1;0.83;1170176.0
10;mzn-gurobiWS-LB-UB;0.6965333333333333;1;1.833747;1170176.0
10;opl-reprjob-WS;0.696533333;1;0.74;1170176.0
10;opl-reprjob-LB-noUB;0.6965333333333333;1;0.83;1170176.0
10;opl-reprjob;0.696533333;1;0.84;1170176.0
10;mzn-gurobi;0.696533333;1;1.216667;1170176.0
10;mzn-gurobi-WS;0.696533333;1;1.098568;1170176.0
10;mzn-gurobi-LB-UB;0.6965333333333333;1;2.356226;1170176.0
10;opl-reprjob-LB-WS-UB;0.6965333333333333;1;0.82;1170176.0
11;opl-reprjob;0.97168254;1;2.27;15304.0
11;mzn-gurobi-WS;0.97168254;1;2.365856;15304.0
11;mzn-gurobi;0.97168254;1;2.898732;15304.0
11;opl-reprjob-LB-UB;0.9716825396825396;1;1.33;15304.0
11;opl-reprjob-LB-WS-UB;0.9716825396825396;1;2.02;15304.0
11;mzn-gurobiWS-LB-UB;0.9716825396825396;1;2.211955;15304.0
11;mzn-gurobi-LB-UB;0.9716825396825396;1;2.627557;15304.0
11;mzn-gurobiWS-LB-noUB;0.9716825396825396;1;2.219598;15304.0
11;opl-reprjob-WS;0.97168254;1;2.11;15304.0
11;opl-reprjob-LB-noUB;0.9716825396825396;1;0.7;15304.0
11;mzn-gurobi-LB-noUB;0.9716825396825396;1;2.485192;15304.0
11;opl-reprjob-LB-WS-noUB;0.9716825396825396;1;1.54;15304.0
12;opl-reprjob;0.600571429;1;1.55;9459.0
12;mzn-gurobi-LB-UB;0.6005714285714285;1;1.683794;9459.0
12;opl-reprjob-WS;0.600571429;1;1.25;9459.0
12;mzn-gurobi;0.600571429;1;1.6184;9459.0
12;mzn-gurobiWS-LB-noUB;0.6005714285714285;1;1.767444;9459.0
12;opl-reprjob-LB-WS-UB;0.6005714285714285;1;1.56;9459.0
12;opl-reprjob-LB-WS-noUB;0.6005714285714285;1;1.7;9459.0
12;opl-reprjob-LB-noUB;0.6005714285714285;1;1.24;9459.0
12;opl-reprjob-LB-UB;0.6005714285714285;1;0.95;9459.0
12;mzn-gurobi-WS;0.600571429;1;2.77609;9459.0
12;mzn-gurobiWS-LB-UB;0.6005714285714285;1;1.928791;9459.0
12;mzn-gurobi-LB-noUB;0.6005714285714285;1;1.7388629999999998;9459.0
13;opl-reprjob-LB-noUB;0.8764132364810331;1;2.15;21717520.0
13;mzn-gurobi-WS;0.876413236;1;2.160786;21717520.0
13;opl-reprjob;0.876413236;1;1.83;21717520.0
13;mzn-gurobi-LB-UB;0.8764132364810331;1;2.050282;21717520.0
13;mzn-gurobiWS-LB-UB;0.8764132364810331;1;2.07268;21717520.0
13;mzn-gurobi-LB-noUB;0.8764132364810331;1;2.216828;21717520.0
13;opl-reprjob-WS;0.876413236;1;1.9;21717520.0
13;opl-reprjob-LB-UB;0.8764132364810331;1;1.68;21717520.0
13;mzn-gurobi;0.876413236;1;2.667722;21717520.0
13;opl-reprjob-LB-WS-UB;0.8764132364810331;1;2.08;21717520.0
13;opl-reprjob-LB-WS-noUB;0.8764132364810331;1;2.16;21717520.0
13;mzn-gurobiWS-LB-noUB;0.8764132364810331;1;2.101154;21717520.0
14;opl-reprjob-WS;0.875887125;1;6.74;1986512.0
14;mzn-gurobi-WS;0.875887125;1;2.387728;1986512.0
14;opl-reprjob;0.875887125;1;6.66;1986512.0
14;mzn-gurobi-LB-noUB;0.8758871252204585;1;2.341769;1986512.0
14;mzn-gurobi;0.875887125;1;2.288959;1986512.0
14;mzn-gurobiWS-LB-noUB;0.8758871252204585;1;2.4406;1986512.0
14;opl-reprjob-LB-WS-UB;0.8758871252204585;1;3.88;1986512.0
14;mzn-gurobi-LB-UB;0.8758871252204585;1;2.578723;1986512.0
14;mzn-gurobiWS-LB-UB;0.8758871252204585;1;2.454482;1986512.0
14;opl-reprjob-LB-noUB;0.8758871252204585;1;3.9;1986512.0
14;opl-reprjob-LB-UB;0.8758871252204585;1;3.86;1986512.0
14;opl-reprjob-LB-WS-noUB;0.8758871252204585;1;4.27;1986512.0
15;mzn-gurobiWS-LB-UB;0.5971428571428572;1;2.715827;37620.0
15;mzn-gurobiWS-LB-noUB;0.5971428571428572;1;2.827482;37620.0
15;opl-reprjob-LB-WS-noUB;0.5971428571428572;1;4.65;37620.0
15;mzn-gurobi-LB-UB;0.5971428571428572;1;2.757828;37620.0
15;opl-reprjob-WS;0.597142857;1;3.47;37620.0
15;opl-reprjob-LB-UB;0.5971428571428572;1;5.11;37620.0
15;opl-reprjob;0.597142857;1;2.76;37620.0
15;mzn-gurobi-WS;0.597142857;1;1.877994;37620.0
15;mzn-gurobi-LB-noUB;0.5971428571428572;1;2.620514;37620.0
15;opl-reprjob-LB-noUB;0.5971428571428572;1;3.74;37620.0
15;opl-reprjob-LB-WS-UB;0.5971428571428572;1;4.38;37620.0
15;mzn-gurobi;0.597142857;1;1.912054;37620.0
16;opl-reprjob-LB-UB;0.9834173669467788;1;0.25;16957164.0
16;opl-reprjob;0.983417367;1;10.18;16957164.0
16;opl-reprjob-LB-WS-UB;0.9834173669467788;1;0.14;16957164.0
16;opl-reprjob-LB-WS-noUB;0.9834173669467788;1;0.24;16957164.0
16;mzn-gurobi-LB-noUB;0.9834173669467788;1;1.95931;16957164.0
16;mzn-gurobiWS-LB-UB;0.9834173669467788;1;2.293183;16957164.0
16;mzn-gurobi-WS;0.983417367;1;9.183127;16957164.0
16;opl-reprjob-WS;0.983417367;1;9.41;16957164.0
16;opl-reprjob-LB-noUB;0.9834173669467788;1;0.25;16957164.0
16;mzn-gurobiWS-LB-noUB;0.9834173669467788;1;2.545774;16957164.0
16;mzn-gurobi-LB-UB;0.9834173669467788;1;3.993136;16957164.0
16;mzn-gurobi;0.983417367;1;9.887558;16957164.0
17;mzn-gurobiWS-LB-UB;0.1367063492063492;1;4.190392;6101095.0
17;opl-reprjob-LB-noUB;0.1367063492063492;1;1.99;6101095.0
17;opl-reprjob-LB-UB;0.1367063492063492;1;2.14;6101095.0
17;mzn-gurobi-WS;0.136706349;1;4.02092;6101095.0
17;opl-reprjob-WS;0.136706349;1;1.96;6101095.0
17;opl-reprjob;0.136706349;1;2.24;6101095.0
17;mzn-gurobi;0.136706349;1;5.119107;6101095.0
17;opl-reprjob-LB-WS-UB;0.1367063492063492;1;1.75;6101095.0
17;opl-reprjob-LB-WS-noUB;0.1367063492063492;1;1.86;6101095.0
17;mzn-gurobiWS-LB-noUB;0.1367063492063492;1;3.4980670000000003;6101095.0
17;mzn-gurobi-LB-UB;0.1367063492063492;1;7.848602;6101095.0
17;mzn-gurobi-LB-noUB;0.1367063492063492;1;6.902286;6101095.0
18;mzn-gurobiWS-LB-noUB;0.9796536796536796;1;13.067837;339450.0
18;opl-reprjob;0.97965368;1;3.58;339450.0
18;opl-reprjob-LB-UB;0.9796536796536796;1;0.11;339450.0
18;mzn-gurobi;0.97965368;1;3.433722;339450.0
18;opl-reprjob-WS;0.97965368;1;4.54;339450.0
18;opl-reprjob-LB-WS-UB;0.9796536796536796;1;0.31;339450.0
18;mzn-gurobi-LB-noUB;0.9796536796536796;1;24.153603;339450.0
18;mzn-gurobi-WS;0.97965368;1;3.531677;339450.0
18;opl-reprjob-LB-WS-noUB;0.9796536796536796;1;0.15;339450.0
18;mzn-gurobiWS-LB-UB;0.9796536796536796;1;10.431508;339450.0
18;mzn-gurobi-LB-UB;0.9796536796536796;1;29.17495;339450.0
18;opl-reprjob-LB-noUB;0.9796536796536796;1;0.13;339450.0
19;opl-reprjob;0.230933333;1;1.36;24248.0
19;opl-reprjob-WS;0.230933333;1;0.98;24248.0
19;mzn-gurobi-WS;0.230933333;1;4.276909;24248.0
19;opl-reprjob-LB-noUB;0.2309333333333333;1;1.68;24248.0
19;opl-reprjob-LB-WS-noUB;0.2309333333333333;1;1.25;24248.0
19;mzn-gurobiWS-LB-UB;0.2309333333333333;1;14.931368;24248.0
19;opl-reprjob-LB-UB;0.2309333333333333;1;0.78;24248.0
19;mzn-gurobi;0.230933333;1;8.976865;24248.0
19;mzn-gurobi-LB-UB;0.2309333333333333;1;3.4923070000000003;24248.0
19;mzn-gurobi-LB-noUB;0.2309333333333333;1;8.28798;24248.0
19;mzn-gurobiWS-LB-noUB;0.2309333333333333;1;8.693183999999999;24248.0
19;opl-reprjob-LB-WS-UB;0.2309333333333333;1;1.31;24248.0
20;opl-reprjob-LB-WS-UB;0.4985938226222166;1;2.88;1770033.0
20;mzn-gurobi-LB-noUB;0.4985938226222166;1;2.954239;1770033.0
20;opl-reprjob-LB-WS-noUB;0.4985938226222166;1;2.52;1770033.0
20;mzn-gurobiWS-LB-UB;0.4985938226222166;1;3.290929;1770033.0
20;opl-reprjob-LB-noUB;0.4985938226222166;1;2.83;1770033.0
20;mzn-gurobi;0.498593823;1;2.930479;1770033.0
20;mzn-gurobi-LB-UB;0.4985938226222166;1;2.798013;1770033.0
20;opl-reprjob;0.498593823;1;2.91;1770033.0
20;mzn-gurobiWS-LB-noUB;0.4985938226222166;1;2.864177;1770033.0
20;mzn-gurobi-WS;0.498593823;1;2.278076;1770033.0
20;opl-reprjob-WS;0.498593823;1;2.55;1770033.0
20;opl-reprjob-LB-UB;0.4985938226222166;1;3.91;1770033.0
21;opl-reprjob-LB-WS-noUB;0.5930884353741497;1;31.49;32694.0
21;opl-reprjob-LB-UB;0.5930884353741497;1;38.67;32694.0
21;mzn-gurobiWS-LB-UB;0.5930884353741497;1;275.102563;32694.0
21;opl-reprjob-LB-noUB;0.5930884353741497;1;35.06;32694.0
21;mzn-gurobiWS-LB-noUB;0.5930884353741497;1;86.819372;32694.0
21;mzn-gurobi-LB-noUB;0.5930884353741497;1;58.499301;32693.0134184
21;mzn-gurobi-WS;0.593088435;1;856.719661;32694.0
21;opl-reprjob-WS;0.593088435;1;39.9;32694.0
21;opl-reprjob;0.593088435;1;42.36;32694.0
21;mzn-gurobi-LB-UB;0.5930884353741497;1;345.063474;32694.0
21;opl-reprjob-LB-WS-UB;0.5930884353741497;1;32.72;32694.0
21;mzn-gurobi;0.593088435;1;265.406192;32694.0
22;mzn-gurobi-LB-UB;0.923936507936508;1;5.354076999999999;14552.0
22;mzn-gurobi;0.923936508;1;16.07739;14552.0
22;opl-reprjob-LB-WS-noUB;0.923936507936508;-1;3600.0;11552.0
22;mzn-gurobi-WS;0.923936508;1;33.914382;14552.0
22;opl-reprjob;0.923936508;-1;3600.0;3716.0
22;opl-reprjob-LB-noUB;0.923936507936508;-1;3600.0;11552.0
22;opl-reprjob-WS;0.923936508;-1;3600.0;3716.0
22;opl-reprjob-LB-UB;0.923936507936508;-1;3600.0;11552.0
22;mzn-gurobiWS-LB-noUB;0.923936507936508;1;5.345455;14552.0
22;mzn-gurobi-LB-noUB;0.923936507936508;1;5.255027;14552.0
22;mzn-gurobiWS-LB-UB;0.923936507936508;1;5.252653;14552.0
22;opl-reprjob-LB-WS-UB;0.923936507936508;-1;3600.0;11552.0
23;mzn-gurobiWS-LB-UB;0.9731141901576684;1;947.549178;64156932.0
23;mzn-gurobi-WS;0.97311419;1;3418.024835;64156932.0
23;mzn-gurobiWS-LB-noUB;0.9731141901576684;1;860.445961;64156932.0
23;mzn-gurobi-LB-noUB;0.9731141901576684;1;979.355117;64156932.0
23;mzn-gurobi;0.97311419;-1;3600.0;64068410.84
23;opl-reprjob-LB-WS-UB;0.9731141901576684;-1;3600.0;63994812.0
23;mzn-gurobi-LB-UB;0.9731141901576684;1;701.857526;64156871.3277
23;opl-reprjob;0.97311419;-1;3600.0;23073288.0
23;opl-reprjob-WS;0.97311419;-1;3600.0;23073288.0
23;opl-reprjob-LB-noUB;0.9731141901576684;-1;3600.0;63994812.0
23;opl-reprjob-LB-UB;0.9731141901576684;-1;3600.0;63994812.0
23;opl-reprjob-LB-WS-noUB;0.9731141901576684;-1;3600.0;63994812.0
24;mzn-gurobiWS-LB-noUB;0.7863809523809524;-1;3600.0;254976.658176
24;opl-reprjob-LB-noUB;0.7863809523809524;-1;3600.0;252912.0
24;mzn-gurobiWS-LB-UB;0.7863809523809524;-1;3600.0;254837.518387
24;mzn-gurobi-WS;0.786380952;-1;3600.0;254775.6297
24;opl-reprjob-LB-WS-UB;0.7863809523809524;-1;3600.0;253016.0
24;opl-reprjob;0.786380952;-1;3600.0;106460.0
24;opl-reprjob-WS;0.786380952;-1;3600.0;135428.0
24;mzn-gurobi;0.786380952;-1;3600.0;254768.0338
24;opl-reprjob-LB-WS-noUB;0.7863809523809524;-1;3600.0;252912.0
24;mzn-gurobi-LB-noUB;0.7863809523809524;-1;3600.0;254564.418837
24;opl-reprjob-LB-UB;0.7863809523809524;-1;3600.0;252912.0
24;mzn-gurobi-LB-UB;0.7863809523809524;-1;3600.0;268467.291664
25;mzn-gurobi-LB-noUB;0.6663081232492997;1;2132.3116;1873242.0
25;opl-reprjob-LB-WS-noUB;0.6663081232492997;-1;3600.0;1093007.0
25;mzn-gurobiWS-LB-noUB;0.6663081232492997;1;2394.253413;1873242.0
25;opl-reprjob-LB-noUB;0.6663081232492997;-1;3600.0;1093007.0
25;opl-reprjob-LB-UB;0.6663081232492997;-1;3600.0;1093007.0
25;opl-reprjob-LB-WS-UB;0.6663081232492997;-1;3600.0;1093007.0
25;mzn-gurobi-LB-UB;0.6663081232492997;-1;3600.0;1763566.1846
25;mzn-gurobiWS-LB-UB;0.6663081232492997;-1;3600.0;1778243.5403
25;opl-reprjob-WS;0.666308123;-1;3600.0;450408.0
25;mzn-gurobi;0.666308123;-1;3600.0;1560158.573
25;mzn-gurobi-WS;0.666308123;-1;3600.0;1657818.617
25;opl-reprjob;0.666308123;-1;3600.0;450408.0
26;mzn-gurobi-LB-UB;0.9706666666666668;-1;3600.0;30548.0
26;opl-reprjob-LB-WS-noUB;0.9702857142857144;1;137.08;30564.0
26;opl-reprjob-LB-UB;0.9702857142857144;1;46.17;30564.0
26;opl-reprjob;0.971301587;-1;3600.0;13452.0
26;opl-reprjob-WS;0.970285714;-1;3600.0;12252.0
26;mzn-gurobiWS-LB-UB;0.9705396825396826;-1;3600.0;30548.0
26;mzn-gurobi;0.970285714;-1;3600.0;30516.28297
26;mzn-gurobi-LB-noUB;0.9702857142857144;-1;3600.0;30548.0
26;mzn-gurobi-WS;0.970285714;1;3382.831847;30564.0
26;mzn-gurobiWS-LB-noUB;0.9702857142857144;-1;3600.0;30548.0
26;opl-reprjob-LB-noUB;0.9702857142857144;1;39.2;30564.0
26;opl-reprjob-LB-WS-UB;0.9702857142857144;1;179.68;30564.0
27;mzn-gurobiWS-LB-UB;0.9832455648926236;-1;3600.0;131572.0
27;opl-reprjob-LB-WS-UB;0.9832455648926236;1;4.38;131632.0
27;opl-reprjob-LB-UB;0.9832455648926236;1;4.22;131632.0
27;mzn-gurobi;0.983245565;-1;3600.0;130949.5558
27;opl-reprjob;0.983245565;1;9.43;131632.0
27;mzn-gurobi-LB-noUB;0.9832455648926236;1;1005.7482;131632.0
27;mzn-gurobiWS-LB-noUB;0.9832455648926236;1;878.345214;131629.557148
27;mzn-gurobi-WS;0.983245565;-1;3600.0;131476.6892
27;opl-reprjob-WS;0.983245565;1;8.0;131632.0
27;mzn-gurobi-LB-UB;0.9832455648926236;-1;3600.0;131572.0
27;opl-reprjob-LB-WS-noUB;0.9832455648926236;1;4.07;131632.0
27;opl-reprjob-LB-noUB;0.9832455648926236;1;3.97;131632.0
28;mzn-gurobi-LB-UB;0.5196253221288515;-1;3600.0;1083733.89983
28;opl-reprjob;0.51924437;1;68.33;1737846.0
28;opl-reprjob-LB-WS-noUB;0.5192443697478991;1;61.97;1737846.0
28;opl-reprjob-LB-WS-UB;0.5192443697478991;1;146.58;1737846.0
28;mzn-gurobiWS-LB-UB;0.5196253221288515;-1;3600.0;1084975.04442
28;opl-reprjob-LB-noUB;0.5192443697478991;1;18.24;1737846.0
28;mzn-gurobi-LB-noUB;0.5192443697478991;-1;3600.0;1083825.71515
28;opl-reprjob-WS;0.51924437;1;47.5;1737846.0
28;mzn-gurobi;0.51924437;-1;3600.0;1096536.791
28;mzn-gurobiWS-LB-noUB;0.5192443697478991;-1;3600.0;1089391.29441
28;mzn-gurobi-WS;0.51924437;-1;3600.0;1089683.876
28;opl-reprjob-LB-UB;0.5192443697478991;1;18.36;1737846.0
29;opl-reprjob-LB-WS-noUB;0.5345385281385281;1;4.39;2160872.0
29;mzn-gurobi;0.534947186;-1;3600.0;2010480.467
29;opl-reprjob;0.534538528;1;5.22;2160872.0
29;mzn-gurobiWS-LB-UB;0.5345385281385281;-1;3600.0;2006217.75755
29;opl-reprjob-LB-UB;0.5345385281385281;1;6.24;2160872.0
29;mzn-gurobi-WS;0.534538528;1;2109.526584;2160872.0
29;mzn-gurobi-LB-noUB;0.5345385281385281;-1;3600.0;1977724.0
29;mzn-gurobiWS-LB-noUB;0.5345385281385281;-1;3600.0;1979220.47842
29;opl-reprjob-LB-WS-UB;0.5345385281385281;1;4.8;2160872.0
29;opl-reprjob-LB-noUB;0.5345385281385281;1;5.81;2160872.0
29;mzn-gurobi-LB-UB;0.5345385281385281;-1;3600.0;1976184.0
29;opl-reprjob-WS;0.534538528;1;5.58;2160872.0
30;mzn-gurobi-WS;0.970615117;1;2345.836681;2993741.0
30;opl-reprjob-WS;0.970615117;-1;3600.0;1439275.0
30;opl-reprjob;0.970615117;-1;3600.0;1438028.0
30;mzn-gurobiWS-LB-UB;0.970615116514691;1;26.501364;2993741.0
30;mzn-gurobiWS-LB-noUB;0.970615116514691;1;30.87863;2993741.0
30;opl-reprjob-LB-noUB;0.970615116514691;1;0.74;2993741.0
30;opl-reprjob-LB-UB;0.970615116514691;1;0.73;2993741.0
30;mzn-gurobi;0.970615117;1;671.427934;2993741.0
30;mzn-gurobi-LB-UB;0.970615116514691;1;52.747965;2993741.0
30;opl-reprjob-LB-WS-noUB;0.970615116514691;1;0.97;2993741.0
30;opl-reprjob-LB-WS-UB;0.970615116514691;1;1.17;2993741.0
30;mzn-gurobi-LB-noUB;0.970615116514691;1;109.94812;2993741.0
31;opl-reprjob-LB-WS-noUB;0.5970793650793651;1;254.06;23510.0
31;opl-reprjob-LB-UB;0.5970793650793651;1;152.54;23510.0
31;opl-reprjob-LB-WS-UB;0.5970793650793651;1;214.97;23510.0
31;mzn-gurobiWS-LB-UB;0.5970793650793651;1;559.00579;23510.0
31;mzn-gurobiWS-LB-noUB;0.5970793650793651;1;723.15557;23510.0
31;mzn-gurobi-WS;0.597079365;1;2504.00538;23510.0
31;opl-reprjob-LB-noUB;0.5970793650793651;1;325.22;23510.0
31;mzn-gurobi;0.597079365;1;2494.32186;23510.0
31;opl-reprjob;0.597079365;1;148.17;23510.0
31;opl-reprjob-WS;0.597079365;1;119.93;23510.0
31;mzn-gurobi-LB-UB;0.5970793650793651;1;647.39573;23510.0
31;mzn-gurobi-LB-noUB;0.5970793650793651;1;558.58514;23510.0
32;mzn-gurobiWS-LB-noUB;0.3386666666666666;-1;3600.0;4729.83735844
32;mzn-gurobi-WS;0.338666667;-1;3600.0;4695.299366
32;opl-reprjob;0.338666667;1;49.83;5334.0
32;mzn-gurobi-LB-UB;0.3386666666666666;-1;3600.0;4704.8335427
32;opl-reprjob-WS;0.338666667;1;49.61;5334.0
32;opl-reprjob-LB-UB;0.3386666666666666;1;46.57;5334.0
32;opl-reprjob-LB-noUB;0.3386666666666666;1;41.5;5334.0
32;opl-reprjob-LB-WS-UB;0.3386666666666666;1;26.91;5334.0
32;opl-reprjob-LB-WS-noUB;0.3386666666666666;1;70.81;5334.0
32;mzn-gurobi;0.338666667;-1;3600.0;4691.006531
32;mzn-gurobi-LB-noUB;0.3386666666666666;-1;3600.0;5252.29726999
32;mzn-gurobiWS-LB-UB;0.3386666666666666;1;2910.67488;5334.0
33;mzn-gurobi-LB-noUB;0.2986738544474394;-1;3600.0;1215037.59658
33;mzn-gurobi;0.298673854;-1;3600.0;1221396.264
33;opl-reprjob-WS;0.298673854;-1;3600.0;198275.0
33;opl-reprjob-LB-WS-noUB;0.2986738544474394;-1;3600.0;269325.0
33;mzn-gurobi-LB-UB;0.2986738544474394;-1;3600.0;1224387.8003
33;opl-reprjob-LB-noUB;0.2986738544474394;-1;3600.0;454825.0
33;mzn-gurobi-WS;0.298673854;-1;3600.0;1204209.911
33;mzn-gurobiWS-LB-noUB;0.2986738544474394;-1;3600.0;1212634.17302
33;opl-reprjob;0.298673854;-1;3600.0;198275.0
33;mzn-gurobiWS-LB-UB;0.2990188679245283;-1;3600.0;1028753.67404
33;opl-reprjob-LB-WS-UB;0.2986738544474394;-1;3600.0;454825.0
33;opl-reprjob-LB-UB;0.2986738544474394;-1;3600.0;454825.0
34;mzn-gurobi-LB-noUB;0.9392897354497356;1;471.29901;2219072.0
34;opl-reprjob-LB-WS-noUB;0.9392897354497356;-1;3600.0;2075270.0
34;opl-reprjob-LB-UB;0.9392897354497356;-1;3600.0;2075270.0
34;opl-reprjob-WS;0.940068571;-1;3600.0;632312.0
34;mzn-gurobi-LB-UB;0.9392897354497356;1;467.38036;2219072.0
34;mzn-gurobiWS-LB-UB;0.9392897354497356;1;1191.77657;2219072.0
34;opl-reprjob-LB-WS-UB;0.9392897354497356;-1;3600.0;2075270.0
34;opl-reprjob-LB-noUB;0.9392897354497356;-1;3600.0;2075270.0
34;mzn-gurobi;0.939289735;1;3547.08746;2219072.0
34;mzn-gurobiWS-LB-noUB;0.9392897354497356;1;920.72907;2219072.0
34;opl-reprjob;0.940022857;-1;3600.0;452312.0
34;mzn-gurobi-WS;0.939289735;-1;3600.0;2217573.63
35;mzn-gurobi;0.251511805;1;1087.98378;12649126.0
35;opl-reprjob-WS;0.252798262;-1;3600.0;3902249.0
35;mzn-gurobi-WS;0.251511805;1;744.02216;12649126.0
35;mzn-gurobiWS-LB-noUB;0.2515118047218888;1;788.27762;12649126.0
35;opl-reprjob;0.251511805;-1;3600.0;3902249.0
35;opl-reprjob-LB-WS-UB;0.2527982621620077;-1;3600.0;7790346.0
35;opl-reprjob-LB-noUB;0.2527685359858229;-1;3600.0;7790346.0
35;mzn-gurobi-LB-noUB;0.2515118047218888;1;839.05233;12649126.0
35;mzn-gurobi-LB-UB;0.2515118047218888;1;1425.35429;12649126.0
35;mzn-gurobiWS-LB-UB;0.2515118047218888;1;1799.6223;12649126.0
35;opl-reprjob-LB-UB;0.2523203567141142;-1;3600.0;7790346.0
35;opl-reprjob-LB-WS-noUB;0.2879807923169267;-1;3600.0;7790346.0
36;mzn-gurobi-LB-noUB;0.9653333333333334;1;194.91436;17738.0
36;mzn-gurobiWS-LB-UB;0.9653333333333334;1;215.45538;17738.0
36;mzn-gurobi-LB-UB;0.9653333333333334;1;134.63468;17738.0
36;opl-reprjob-LB-UB;0.9653333333333334;1;54.7;17738.0
36;mzn-gurobiWS-LB-noUB;0.9653333333333334;1;231.21552;17738.0
36;opl-reprjob-LB-WS-noUB;0.9653333333333334;1;51.75;17738.0
36;opl-reprjob;0.965333333;-1;3600.0;8400.0
36;mzn-gurobi-WS;0.965333333;1;554.36068;17738.0
36;opl-reprjob-WS;0.965333333;-1;3600.0;7700.0
36;mzn-gurobi;0.965333333;1;619.14343;17738.0
36;opl-reprjob-LB-noUB;0.9653333333333334;1;52.93;17738.0
36;opl-reprjob-LB-WS-UB;0.9653333333333334;1;55.05;17738.0
37;mzn-gurobi-WS;0.993798095;1;229.84261;5478312.0
37;opl-reprjob-LB-UB;0.9937980952380951;1;38.75;5478312.0
37;mzn-gurobiWS-LB-noUB;0.9937980952380951;1;408.75389;5478312.0
37;opl-reprjob-LB-WS-UB;0.9937980952380951;1;39.09;5478312.0
37;opl-reprjob-LB-noUB;0.9937980952380951;1;37.56;5478312.0
37;mzn-gurobiWS-LB-UB;0.9937980952380951;1;19.76352;5478312.0
37;opl-reprjob-LB-WS-noUB;0.9937980952380951;1;36.38;5478312.0
37;mzn-gurobi-LB-UB;0.9937980952380951;1;228.29547;5476988.36364
37;opl-reprjob-WS;0.993798095;1;90.7;5478312.0
37;mzn-gurobi;0.993798095;1;429.37656;5478312.0
37;opl-reprjob;0.993798095;1;86.86;5478312.0
37;mzn-gurobi-LB-noUB;0.9937980952380951;1;198.51029000000003;5478312.0
38;mzn-gurobiWS-LB-UB;0.5659686446886447;-1;3600.0;1647688.20951
38;opl-reprjob-LB-WS-noUB;0.5660905494505495;-1;3600.0;1633999.0
38;mzn-gurobiWS-LB-noUB;0.5659686446886447;-1;3600.0;1647644.0
38;opl-reprjob-WS;0.566105788;-1;3600.0;1563156.0
38;mzn-gurobi-LB-noUB;0.5659534065934065;-1;3600.0;1647644.0
38;opl-reprjob-LB-noUB;0.5661057875457876;-1;3600.0;1633999.0
38;opl-reprjob-LB-UB;0.5661057875457876;-1;3600.0;1693508.0
38;opl-reprjob-LB-WS-UB;0.5661057875457876;-1;3600.0;1633999.0
38;mzn-gurobi;0.565968645;-1;3600.0;1649620.623
38;mzn-gurobi-LB-UB;0.5659686446886447;-1;3600.0;1647644.0
38;opl-reprjob;0.566090549;-1;3600.0;1430000.0
38;mzn-gurobi-WS;0.566197216;-1;3600.0;1649106.328
39;mzn-gurobi;0.833846176;1;503.38885;14446385.0
39;opl-reprjob;0.833846176;-1;3600.0;7387090.0
39;mzn-gurobi-WS;0.833846176;1;718.01137;14446385.0
39;opl-reprjob-LB-UB;0.8338461760461761;-1;3600.0;14171396.0
39;mzn-gurobiWS-LB-UB;0.8338461760461761;1;260.42923;14446385.0
39;mzn-gurobi-LB-UB;0.8338461760461761;1;34.37347;14446385.0
39;opl-reprjob-LB-WS-UB;0.8338461760461761;-1;3600.0;14171396.0
39;opl-reprjob-LB-WS-noUB;0.8338461760461761;-1;3600.0;14171396.0
39;opl-reprjob-WS;0.833846176;-1;3600.0;7387090.0
39;mzn-gurobi-LB-noUB;0.8338461760461761;1;139.16905;14446384.6354
39;mzn-gurobiWS-LB-noUB;0.8338461760461761;1;572.46682;14446385.0
39;opl-reprjob-LB-noUB;0.8338461760461761;-1;3600.0;14171396.0
40;mzn-gurobi-LB-noUB;0.4148020512820513;1;289.27982000000003;1415512.0
40;opl-reprjob-WS;0.414802051;1;50.63;1415512.0
40;mzn-gurobiWS-LB-UB;0.4148020512820513;1;161.04261;1415512.0
40;opl-reprjob-LB-WS-noUB;0.4148020512820513;1;33.55;1415512.0
40;mzn-gurobi;0.414802051;1;1611.54275;1415512.0
40;opl-reprjob;0.414802051;1;29.22;1415512.0
40;mzn-gurobi-WS;0.414802051;1;2853.69143;1415512.0
40;opl-reprjob-LB-noUB;0.4148020512820513;1;109.58;1415512.0
40;opl-reprjob-LB-WS-UB;0.4148020512820513;1;25.33;1415512.0
40;mzn-gurobi-LB-UB;0.4148020512820513;1;169.95951000000002;1415512.0
40;opl-reprjob-LB-UB;0.4148020512820513;1;25.63;1415512.0
40;mzn-gurobiWS-LB-noUB;0.4148020512820513;1;258.25206;1415512.0
41;mzn-gurobi-LB-UB;-1.0;-1;3600.0;
41;opl-reprjob-LB-WS-noUB;0.9619863945578232;-1;3600.0;35138.0
41;opl-reprjob;0.961986395;-1;3600.0;5675.0
41;opl-reprjob-LB-WS-UB;0.9619863945578232;-1;3600.0;35130.0
41;mzn-gurobiWS-LB-noUB;0.9619863945578232;-1;3600.0;35318.0
41;mzn-gurobi-LB-noUB;0.9619863945578232;-1;3600.0;35318.0
41;mzn-gurobi;0.961986395;-1;3600.0;35189.23185
41;mzn-gurobi-WS;0.961986395;-1;3600.0;35200.48264
41;opl-reprjob-WS;0.961986395;-1;3600.0;5675.0
41;opl-reprjob-LB-UB;0.9619863945578232;-1;3600.0;35126.0
41;opl-reprjob-LB-noUB;0.9619863945578232;-1;3600.0;35130.0
41;mzn-gurobiWS-LB-UB;0.9619863945578232;-1;3600.0;35318.0
42;mzn-gurobiWS-LB-UB;0.975936507936508;-1;3600.0;30698.0
42;opl-reprjob-LB-noUB;0.9761904761904762;-1;3600.0;30666.0
42;mzn-gurobi-LB-noUB;0.975936507936508;-1;3600.0;30722.0
42;opl-reprjob-LB-WS-UB;0.976063492063492;-1;3600.0;30664.0
42;mzn-gurobi-LB-UB;0.975936507936508;-1;3600.0;30722.0
42;mzn-gurobi-WS;0.975936508;-1;3600.0;30716.0
42;mzn-gurobi;0.975936508;-1;3600.0;30718.0
42;opl-reprjob;0.976507937;-1;3600.0;7296.0
42;opl-reprjob-LB-WS-noUB;0.976063492063492;-1;3600.0;30666.0
42;opl-reprjob-LB-UB;-1.0;-1;3600.0;30666.0
42;opl-reprjob-WS;0.976190476;-1;3600.0;7368.0
42;mzn-gurobiWS-LB-noUB;0.975936507936508;-1;3600.0;30722.0
43;opl-reprjob-LB-WS-noUB;0.9653333333333334;1;133.34;30408.0
43;mzn-gurobiWS-LB-UB;0.9653333333333334;1;266.51418;30408.0
43;opl-reprjob;0.965333333;-1;3600.0;5470.0
43;mzn-gurobi-WS;0.965333333;1;2942.43537;30408.0
43;mzn-gurobi-LB-noUB;0.9653333333333334;1;407.88783;30408.0
43;opl-reprjob-WS;0.965333333;-1;3600.0;5470.0
43;opl-reprjob-LB-noUB;0.9653333333333334;1;133.51;30408.0
43;mzn-gurobiWS-LB-noUB;0.9653333333333334;1;276.36334;30408.0
43;mzn-gurobi;0.965333333;1;2002.46989;30408.0
43;opl-reprjob-LB-WS-UB;0.9653333333333334;1;133.37;30408.0
43;mzn-gurobi-LB-UB;0.9653333333333334;1;241.48454;30408.0
43;opl-reprjob-LB-UB;0.9653333333333334;1;132.54;30408.0
44;opl-reprjob-LB-WS-noUB;0.9648653968253968;-1;3600.0;138309856.0
44;opl-reprjob-LB-noUB;0.9648653968253968;-1;3600.0;138309856.0
44;mzn-gurobi;0.964865397;-1;3600.0;139602015.1
44;mzn-gurobi-LB-noUB;0.9648653968253968;1;1217.61261;139808996.0
44;mzn-gurobiWS-LB-noUB;0.9648653968253968;-1;3600.0;139806696.0
44;mzn-gurobi-WS;0.964865397;-1;3600.0;139409294.4
44;mzn-gurobiWS-LB-UB;0.9648653968253968;1;1479.24273;139808996.0
44;opl-reprjob;0.964865397;-1;3600.0;11119856.0
44;opl-reprjob-LB-UB;0.9648653968253968;-1;3600.0;138309856.0
44;mzn-gurobi-LB-UB;0.9648653968253968;1;2419.3363400000003;139808996.0
44;opl-reprjob-WS;0.964865397;-1;3600.0;11119856.0
44;opl-reprjob-LB-WS-UB;0.9648653968253968;-1;3600.0;138309856.0
45;opl-reprjob-LB-WS-noUB;0.977417353660832;-1;3600.0;135987936.0
45;opl-reprjob-WS;0.977179296;-1;3600.0;10816365.0
45;mzn-gurobiWS-LB-UB;0.9771238848108412;-1;3600.0;135987936.0
45;opl-reprjob;0.977262413;-1;3600.0;10816365.0
45;opl-reprjob-LB-noUB;0.9772624129493694;-1;3600.0;135987936.0
45;mzn-gurobiWS-LB-noUB;0.9771238848108412;-1;3600.0;135987936.0
45;opl-reprjob-LB-UB;0.9831113118765292;-1;3600.0;135987936.0
45;mzn-gurobi;0.977181856;-1;3600.0;135849278.0
45;mzn-gurobi-WS;0.977181856;-1;3600.0;135830017.8
45;mzn-gurobi-LB-UB;0.9771238848108412;-1;3600.0;135987936.0
45;opl-reprjob-LB-WS-UB;0.9772624129493694;-1;3600.0;135987936.0
45;mzn-gurobi-LB-noUB;0.977181855825334;-1;3600.0;135987936.0
46;opl-reprjob-LB-UB;0.8605587301587302;-1;3600.0;50175.0
46;opl-reprjob-LB-WS-noUB;0.8594539682539682;-1;3600.0;50175.0
46;mzn-gurobi-LB-UB;0.8593904761904761;-1;3600.0;53933.0
46;mzn-gurobi-LB-noUB;0.860152380952381;-1;3600.0;53933.0
46;mzn-gurobiWS-LB-UB;0.8592634920634921;-1;3600.0;52433.0
46;mzn-gurobiWS-LB-noUB;0.8592634920634921;-1;3600.0;52433.0
46;opl-reprjob-WS;0.859301587;-1;3600.0;20228.0
46;mzn-gurobi-WS;0.897092063;-1;3600.0;51756.62589
46;opl-reprjob-LB-noUB;0.8594539682539682;-1;3600.0;50175.0
46;opl-reprjob;0.859301587;-1;3600.0;20228.0
46;opl-reprjob-LB-WS-UB;0.877815873015873;-1;3600.0;50175.0
46;mzn-gurobi;0.859949206;-1;3600.0;53324.94299
47;opl-reprjob-WS;0.97515741;-1;3600.0;29217050.0
47;mzn-gurobi-LB-UB;0.9736833379386572;-1;3600.0;131461825.0
47;opl-reprjob;0.973608732;-1;3600.0;29217050.0
47;opl-reprjob-LB-WS-noUB;0.9750839089988026;-1;3600.0;131461825.0
47;mzn-gurobi;0.974051027;-1;3600.0;130166485.2
47;mzn-gurobi-WS;0.973700654;-1;3600.0;130239961.3
47;mzn-gurobi-LB-noUB;0.9737093119646312;-1;3600.0;131461825.0
47;opl-reprjob-LB-UB;0.9750839089988026;-1;3600.0;131461825.0
47;opl-reprjob-LB-noUB;0.9750839089988026;-1;3600.0;131461825.0
47;opl-reprjob-LB-WS-UB;0.974224739799208;-1;3600.0;131461825.0
47;mzn-gurobiWS-LB-UB;0.9737299438150502;-1;3600.0;131461825.0
47;mzn-gurobiWS-LB-noUB;0.973695311780418;-1;3600.0;131461825.0
48;mzn-gurobiWS-LB-UB;0.5444751797862002;-1;3600.0;42610651.0
48;mzn-gurobi-LB-UB;0.601027638483965;-1;3600.0;42610651.0
48;opl-reprjob;0.525357279;-1;3600.0;10462838.0
48;mzn-gurobi-WS;0.620901846;-1;3600.0;41763913.51
48;mzn-gurobi;0.639999378;-1;3600.0;41306317.15
48;mzn-gurobiWS-LB-noUB;0.5257093100097182;-1;3600.0;42610651.0
48;opl-reprjob-LB-noUB;0.5256648396501458;-1;3600.0;41795715.0
48;opl-reprjob-LB-WS-UB;0.4888713702623907;-1;3600.0;41795715.0
48;opl-reprjob-LB-WS-noUB;0.5446020602526725;-1;3600.0;41795715.0
48;mzn-gurobi-LB-noUB;0.6007346938775511;-1;3600.0;42610651.0
48;opl-reprjob-LB-UB;0.5256648396501458;-1;3600.0;41795715.0
48;opl-reprjob-WS;0.525665151;-1;3600.0;10462838.0
49;mzn-gurobiWS-LB-noUB;0.9704609523809524;-1;3600.0;761844.0
49;mzn-gurobiWS-LB-UB;0.9704609523809524;-1;3600.0;761844.0
49;opl-reprjob-LB-WS-UB;0.97056;-1;3600.0;754752.0
49;mzn-gurobi-LB-UB;0.9704609523809524;-1;3600.0;761844.0
49;opl-reprjob-LB-WS-noUB;0.97056;-1;3600.0;754752.0
49;opl-reprjob-WS;0.970567619;-1;3600.0;106638.0
49;mzn-gurobi-WS;0.970460952;-1;3600.0;761525.1957
49;opl-reprjob;0.970567619;-1;3600.0;106638.0
49;mzn-gurobi-LB-noUB;0.9704609523809524;-1;3600.0;761844.0
49;mzn-gurobi;0.970460952;-1;3600.0;760044.8236
49;opl-reprjob-LB-UB;0.9726476190476192;-1;3600.0;754752.0
49;opl-reprjob-LB-noUB;0.97056;-1;3600.0;754752.0
50;opl-reprjob-LB-UB;0.6513809523809524;-1;3600.0;1121735.0
50;mzn-gurobi-LB-UB;0.7252063492063492;-1;3600.0;1209956.0
50;mzn-gurobiWS-LB-UB;0.7065238095238096;-1;3600.0;1209956.0
50;opl-reprjob-LB-noUB;0.6513809523809524;-1;3600.0;1121735.0
50;opl-reprjob-WS;0.651380952;-1;3600.0;488752.0
50;mzn-gurobiWS-LB-noUB;0.7252063492063492;-1;3600.0;1262756.0
50;mzn-gurobi-WS;0.725825397;-1;3600.0;1206440.25
50;mzn-gurobi-LB-noUB;0.7076031746031746;-1;3600.0;1209956.0
50;mzn-gurobi;0.725873016;-1;3600.0;1201262.042
50;opl-reprjob-LB-WS-UB;0.6513809523809524;-1;3600.0;1121735.0
50;opl-reprjob;0.651380952;-1;3600.0;491436.0
50;opl-reprjob-LB-WS-noUB;0.6705873015873016;-1;3600.0;1121735.0
51;mzn-gurobiWS-LB-noUB;0.970530612244898;-1;3600.0;106849.551367
51;opl-reprjob-LB-UB;-1.0;-1;3600.0;106116.0
51;opl-reprjob;0.970657596;-1;3600.0;21421.0
51;mzn-gurobi-WS;0.970530612;-1;3600.0;106637.6901
51;mzn-gurobi-LB-noUB;0.970530612244898;-1;3600.0;106840.835723
51;mzn-gurobi;0.970530612;-1;3600.0;106694.2648
51;opl-reprjob-LB-noUB;0.970530612244898;-1;3600.0;106116.0
51;opl-reprjob-LB-WS-noUB;0.970530612244898;-1;3600.0;106116.0
51;opl-reprjob-WS;0.970657596;-1;3600.0;21421.0
51;opl-reprjob-LB-WS-UB;0.970530612244898;-1;3600.0;106116.0
51;mzn-gurobiWS-LB-UB;0.970530612244898;-1;3600.0;106833.208967
51;mzn-gurobi-LB-UB;0.970530612244898;-1;3600.0;106834.250816
52;mzn-gurobi-LB-noUB;0.9146666666666666;-1;3600.0;28735.0251707
52;opl-reprjob;0.916126984;-1;3600.0;7364.0
52;opl-reprjob-WS;0.916253968;-1;3600.0;7364.0
52;mzn-gurobi;0.914920635;-1;3600.0;28704.16145
52;mzn-gurobi-WS;0.914666667;-1;3600.0;28678.43245
52;mzn-gurobiWS-LB-UB;0.9147301587301588;-1;3600.0;28773.4917951
52;opl-reprjob-LB-WS-noUB;0.9147301587301588;-1;3600.0;28368.0
52;mzn-gurobi-LB-UB;0.9146666666666666;-1;3600.0;28738.1711912
52;opl-reprjob-LB-WS-UB;0.9162539682539682;-1;3600.0;28368.0
52;mzn-gurobiWS-LB-noUB;0.9146666666666666;-1;3600.0;28769.7095119
52;opl-reprjob-LB-noUB;0.9147301587301588;-1;3600.0;28368.0
52;opl-reprjob-LB-UB;0.9147301587301588;-1;3600.0;28368.0
53;opl-reprjob-LB-WS-UB;0.8929523809523809;-1;3600.0;22820.0
53;opl-reprjob-LB-UB;0.8929523809523809;-1;3600.0;22820.0
53;mzn-gurobi-LB-UB;0.8928253968253969;-1;3600.0;27467.0881865
53;opl-reprjob-WS;0.892825397;-1;3600.0;4268.0
53;opl-reprjob;0.892825397;-1;3600.0;4268.0
53;mzn-gurobiWS-LB-UB;0.8928253968253969;-1;3600.0;28058.9093555
53;mzn-gurobi-WS;0.892825397;-1;3600.0;26270.51264
53;mzn-gurobi-LB-noUB;0.8928253968253969;-1;3600.0;27451.0295833
53;mzn-gurobiWS-LB-noUB;0.8928253968253969;-1;3600.0;26859.5499475
53;mzn-gurobi;0.892825397;-1;3600.0;26219.63816
53;opl-reprjob-LB-WS-noUB;0.8928253968253969;-1;3600.0;22820.0
53;opl-reprjob-LB-noUB;0.8929523809523809;-1;3600.0;22820.0
54;opl-reprjob-LB-noUB;0.9587301587301588;1;1221.5;30200.0
54;mzn-gurobi-LB-noUB;0.9587301587301588;-1;3600.0;30164.0
54;mzn-gurobiWS-LB-noUB;0.9587301587301588;-1;3600.0;30164.0
54;opl-reprjob-LB-WS-noUB;0.9587301587301588;1;1219.1;30200.0
54;mzn-gurobiWS-LB-UB;0.9587301587301588;-1;3600.0;30164.0
54;mzn-gurobi-LB-UB;0.9587301587301588;-1;3600.0;30164.0
54;opl-reprjob;0.958730159;-1;3600.0;3036.0
54;mzn-gurobi-WS;0.958730159;-1;3600.0;30148.0
54;opl-reprjob-LB-UB;0.9587301587301588;1;1257.27;30200.0
54;opl-reprjob-WS;0.958730159;-1;3600.0;3036.0
54;mzn-gurobi;0.958730159;-1;3600.0;30144.0
54;opl-reprjob-LB-WS-UB;0.9587301587301588;1;1238.81;30200.0
55;opl-reprjob-LB-WS-noUB;0.9847230320699708;-1;3600.0;138289400.0
55;mzn-gurobi-LB-noUB;0.98467638483965;-1;3600.0;139293382.973
55;mzn-gurobi-WS;0.984676385;-1;3600.0;139047980.6
55;opl-reprjob-LB-noUB;0.98467638483965;-1;3600.0;138289400.0
55;opl-reprjob;0.984723032;-1;3600.0;35712425.0
55;mzn-gurobiWS-LB-noUB;0.98467638483965;-1;3600.0;139292337.148
55;mzn-gurobi-LB-UB;0.98467638483965;-1;3600.0;139289759.139
55;opl-reprjob-LB-UB;0.98467638483965;-1;3600.0;138289400.0
55;opl-reprjob-LB-WS-UB;0.9847230320699708;-1;3600.0;138289400.0
55;opl-reprjob-WS;0.984723032;-1;3600.0;35712425.0
55;mzn-gurobi;0.984676385;-1;3600.0;139036445.2
55;mzn-gurobiWS-LB-UB;0.98467638483965;-1;3600.0;139297508.827
56;mzn-gurobi-LB-noUB;0.8688888888888889;-1;3600.0;18990.0348617
56;opl-reprjob-LB-noUB;0.8693968253968254;-1;3600.0;15732.0
56;opl-reprjob-LB-UB;0.8688888888888889;-1;3600.0;15732.0
56;opl-reprjob;0.869396825;-1;3600.0;3600.0
56;mzn-gurobiWS-LB-UB;0.8702222222222222;-1;3600.0;19565.5660839
56;mzn-gurobi-LB-UB;0.8750476190476191;-1;3600.0;19557.3646529
56;opl-reprjob-WS;0.868888889;-1;3600.0;3600.0
56;mzn-gurobi-WS;0.869269841;-1;3600.0;18965.42101
56;opl-reprjob-LB-WS-UB;0.8714285714285714;-1;3600.0;15732.0
56;opl-reprjob-LB-WS-noUB;0.8692698412698413;-1;3600.0;15732.0
56;mzn-gurobiWS-LB-noUB;0.8695873015873016;-1;3600.0;19392.3182014
56;mzn-gurobi;0.869079365;-1;3600.0;19546.81
57;opl-reprjob-LB-UB;0.6562666666666667;-1;3600.0;42276.0
57;mzn-gurobi-WS;0.76615873;-1;3600.0;45150.12588
57;mzn-gurobi;0.728533333;-1;3600.0;45160.91877
57;opl-reprjob-LB-WS-noUB;0.6364698412698413;-1;3600.0;42276.0
57;opl-reprjob-LB-WS-UB;0.6569777777777778;-1;3600.0;42276.0
57;mzn-gurobiWS-LB-UB;0.6536126984126984;-1;3600.0;44709.1919883
57;opl-reprjob;0.655961905;-1;3600.0;13841.0
57;opl-reprjob-LB-noUB;0.6557460317460317;-1;3600.0;42276.0
57;mzn-gurobiWS-LB-noUB;0.6375746031746031;-1;3600.0;45130.1249264
57;mzn-gurobi-LB-noUB;0.6540063492063493;-1;3600.0;45216.5557902
57;mzn-gurobi-LB-UB;0.6719238095238095;-1;3600.0;44721.7674996
57;opl-reprjob-WS;0.637777778;-1;3600.0;13841.0
58;opl-reprjob-LB-WS-UB;0.8842126406926407;-1;3600.0;896129.0
58;opl-reprjob-LB-UB;0.8841018181818182;-1;3600.0;896129.0
58;mzn-gurobi-LB-noUB;0.8658230303030303;-1;3600.0;1078318.45736
58;mzn-gurobiWS-LB-noUB;0.8656464069264069;-1;3600.0;1076260.55311
58;mzn-gurobi-WS;0.884377489;-1;3600.0;1070981.314
58;opl-reprjob;0.884354632;-1;3600.0;255569.0
58;opl-reprjob-WS;0.86633697;-1;3600.0;255569.0
58;mzn-gurobiWS-LB-UB;0.8657606926406927;-1;3600.0;1073082.3415
58;mzn-gurobi;0.865570216;-1;3600.0;1072640.074
58;opl-reprjob-LB-noUB;0.8849787012987013;-1;3600.0;896129.0
58;mzn-gurobi-LB-UB;0.8840408658008658;-1;3600.0;1072977.83347
58;opl-reprjob-LB-WS-noUB;0.8847425108225109;-1;3600.0;896129.0
59;opl-reprjob-LB-WS-UB;0.8958650793650794;-1;3600.0;5063195.0
59;mzn-gurobi-LB-UB;0.8937936507936508;-1;3600.0;5119397.95905
59;mzn-gurobi-WS;0.894071429;-1;3600.0;5117174.217
59;opl-reprjob-LB-noUB;0.8952936507936508;-1;3600.0;5063195.0
59;mzn-gurobi-LB-noUB;0.8938809523809523;-1;3600.0;5118000.0
59;opl-reprjob-LB-WS-noUB;0.8958650793650794;-1;3600.0;5063195.0
59;mzn-gurobiWS-LB-noUB;0.8937936507936508;-1;3600.0;5119597.7431
59;mzn-gurobiWS-LB-UB;0.8937936507936508;-1;3600.0;5118975.39485
59;opl-reprjob;0.893960317;-1;3600.0;720000.0
59;mzn-gurobi;0.894285714;-1;3600.0;5128230.909
59;opl-reprjob-LB-UB;0.8961111111111111;-1;3600.0;5063195.0
59;opl-reprjob-WS;0.894920635;-1;3600.0;720000.0
60;opl-reprjob-LB-UB;0.8103113035113035;-1;3600.0;87409688.0
60;opl-reprjob-LB-WS-UB;0.8123461279461279;-1;3600.0;87409688.0
60;mzn-gurobi-LB-noUB;0.8472044252044252;-1;3600.0;89635806.7634
60;mzn-gurobiWS-LB-UB;0.8096634920634921;-1;3600.0;89490029.2341
60;opl-reprjob-LB-WS-noUB;0.8121779701779702;-1;3600.0;87409688.0
60;mzn-gurobi-LB-UB;0.8274980278980278;-1;3600.0;89562123.7864
60;opl-reprjob-WS;0.810501395;-1;3600.0;21063055.0
60;mzn-gurobiWS-LB-noUB;0.8281135161135161;-1;3600.0;89534784.7864
60;opl-reprjob-LB-noUB;0.8107176527176527;-1;3600.0;87409688.0
60;opl-reprjob;0.810665705;-1;3600.0;21063055.0
60;mzn-gurobi;0.809835498;-1;3600.0;89528716.61
60;mzn-gurobi-WS;0.828975277;-1;3600.0;89509814.34
61;mzn-gurobi-LB-UB;0.96056462585034;-1;3600.0;422796.0
61;opl-reprjob-LB-UB;-1.0;-1;3600.0;422796.0
61;mzn-gurobi-LB-noUB;0.9606598639455782;-1;3600.0;422796.0
61;mzn-gurobiWS-LB-noUB;0.9605102040816328;-1;3600.0;422796.0
61;mzn-gurobi;0.962666667;-1;3600.0;420899.6693
61;opl-reprjob-LB-noUB;0.9607346938775512;-1;3600.0;422796.0
61;mzn-gurobi-WS;0.960653061;-1;3600.0;420848.1896
61;opl-reprjob;0.961435374;-1;3600.0;30156.0
61;opl-reprjob-WS;0.961210884;-1;3600.0;30156.0
61;opl-reprjob-LB-WS-UB;0.9605714285714284;-1;3600.0;422796.0
61;opl-reprjob-LB-WS-noUB;0.96056462585034;-1;3600.0;422796.0
61;mzn-gurobiWS-LB-UB;0.9607074829931972;-1;3600.0;422796.0
62;opl-reprjob;0.974239173;-1;3600.0;11381811.0
62;mzn-gurobiWS-LB-UB;0.9720243486073676;-1;3600.0;226868271.0
62;opl-reprjob-WS;0.973928482;-1;3600.0;11381811.0
62;mzn-gurobi-WS;0.973820036;-1;3600.0;217855323.2
62;opl-reprjob-LB-noUB;0.9739165318957772;-1;3600.0;226868271.0
62;opl-reprjob-LB-WS-UB;0.973506828391734;-1;3600.0;226868271.0
62;mzn-gurobi-LB-noUB;0.9728654986522912;-1;3600.0;226868271.0
62;opl-reprjob-LB-WS-noUB;0.9734179694519316;-1;3600.0;226868271.0
62;opl-reprjob-LB-UB;-1.0;-1;3600.0;226868271.0
62;mzn-gurobi-LB-UB;0.9723254267744834;-1;3600.0;226868271.0
62;mzn-gurobiWS-LB-noUB;0.9728612758310872;-1;3600.0;226868271.0
62;mzn-gurobi;-1.0;-1;3600.0;202116188.2
63;mzn-gurobi;-1.0;-1;3600.0;79367668.93
63;opl-reprjob;0.875888408;-1;3600.0;3456576.0
63;opl-reprjob-LB-WS-UB;0.8568973544973545;-1;3600.0;79198841.0
63;mzn-gurobi-LB-noUB;0.8743601731601731;-1;3600.0;84926832.0
63;opl-reprjob-WS;0.857693891;-1;3600.0;3456576.0
63;mzn-gurobiWS-LB-UB;0.8463245791245791;-1;3600.0;81560832.0
63;mzn-gurobi-WS;0.885118807;-1;3600.0;243995.4247
63;mzn-gurobiWS-LB-noUB;0.8371274651274652;-1;3600.0;83243832.0
63;opl-reprjob-LB-noUB;0.8476900432900433;-1;3600.0;79198841.0
63;mzn-gurobi-LB-UB;0.8466920634920635;-1;3600.0;79877832.0
63;opl-reprjob-LB-UB;0.8379561327561328;-1;3600.0;79198841.0
63;opl-reprjob-LB-WS-noUB;0.8573329485329485;-1;3600.0;79198841.0
64;mzn-gurobiWS-LB-noUB;0.9699531024531024;-1;3600.0;5332920.59715
64;opl-reprjob-LB-noUB;0.9691695526695526;-1;3600.0;5331944.0
64;opl-reprjob-WS;0.969632035;-1;3600.0;218312.0
64;mzn-gurobi;-1.0;-1;3600.0;5324364.854
64;opl-reprjob-LB-WS-UB;0.9690454545454544;-1;3600.0;5331944.0
64;mzn-gurobi-LB-noUB;0.9677611832611832;-1;3600.0;5331944.0
64;mzn-gurobi-LB-UB;0.9683073593073592;-1;3600.0;5331944.0
64;mzn-gurobi-WS;0.970953824;-1;3600.0;5322201.765
64;opl-reprjob-LB-UB;-1.0;-1;3600.0;5331944.0
64;opl-reprjob;0.970458153;-1;3600.0;218312.0
64;mzn-gurobiWS-LB-UB;0.9674862914862916;-1;3600.0;5331944.0
64;opl-reprjob-LB-WS-noUB;0.9685909090909092;-1;3600.0;5331944.0
65;opl-reprjob;0.68775332;-1;3600.0;14321088.0
65;mzn-gurobi-WS;0.847330094;-1;3600.0;139314683.3
65;opl-reprjob-WS;0.736341432;-1;3600.0;14321088.0
65;opl-reprjob-LB-WS-UB;0.7351770327178491;-1;3600.0;133332155.0
65;opl-reprjob-LB-noUB;0.6877084548104956;-1;3600.0;133332155.0
65;mzn-gurobi;-1.0;-1;3600.0;139305819.8
65;mzn-gurobiWS-LB-noUB;0.7716661807580175;-1;3600.0;139700988.0
65;mzn-gurobiWS-LB-UB;0.8558683187560738;-1;3600.0;139700988.0
65;mzn-gurobi-LB-noUB;0.6967165532879819;-1;3600.0;139700988.0
65;opl-reprjob-LB-UB;0.7071836734693877;-1;3600.0;133332155.0
65;opl-reprjob-LB-WS-noUB;0.7375178166504697;-1;3600.0;133332155.0
65;mzn-gurobi-LB-UB;0.762397635244574;-1;3600.0;139700988.0
66;opl-reprjob-LB-noUB;0.9842539682539684;-1;3600.0;61598.0
66;opl-reprjob-WS;0.984253968;-1;3600.0;28632.0
66;mzn-gurobiWS-LB-noUB;-1.0;-1;3600.0;
66;opl-reprjob;0.984253968;-1;3600.0;28056.0
66;mzn-gurobi;-1.0;-1;3600.0;61386.0
66;mzn-gurobiWS-LB-UB;0.9842539682539684;-1;3600.0;61730.0
66;opl-reprjob-LB-UB;0.9842539682539684;-1;3600.0;61604.0
66;mzn-gurobi-LB-UB;0.9842539682539684;-1;3600.0;61730.0
66;opl-reprjob-LB-WS-noUB;0.9842539682539684;-1;3600.0;61598.0
66;mzn-gurobi-LB-noUB;0.9842539682539684;-1;3600.0;61730.0
66;opl-reprjob-LB-WS-UB;0.9842539682539684;-1;3600.0;61598.0
66;mzn-gurobi-WS;0.984571429;-1;3600.0;61386.65636
67;mzn-gurobiWS-LB-UB;0.7198730158730159;-1;3600.0;21510.0
67;opl-reprjob-WS;0.722698413;-1;3600.0;3248.0
67;mzn-gurobiWS-LB-noUB;0.7198412698412698;-1;3600.0;21510.0
67;opl-reprjob-LB-UB;0.7218095238095238;-1;3600.0;20648.0
67;mzn-gurobi-WS;0.914412698;-1;3600.0;21113.54094
67;opl-reprjob-LB-noUB;0.7218095238095238;-1;3600.0;20648.0
67;opl-reprjob-LB-WS-noUB;0.7117460317460318;-1;3600.0;20648.0
67;opl-reprjob;0.731111111;-1;3600.0;3248.0
67;mzn-gurobi;-1.0;-1;3600.0;21120.73614
67;mzn-gurobi-LB-UB;-1.0;-1;3600.0;
67;mzn-gurobi-LB-noUB;-1.0;-1;3600.0;
67;opl-reprjob-LB-WS-UB;0.7305396825396825;-1;3600.0;20648.0
68;mzn-gurobi-WS;0.98445916;-1;3600.0;299908872.6
68;mzn-gurobi;-1.0;-1;3600.0;300282904.0
68;mzn-gurobiWS-LB-noUB;0.9828316713352008;-1;3600.0;301654568.0
68;mzn-gurobi-LB-noUB;0.9829002427637722;-1;3600.0;301654568.0
68;opl-reprjob-LB-WS-UB;0.982970756302521;-1;3600.0;301193579.0
68;opl-reprjob-LB-WS-noUB;0.983089523809524;-1;3600.0;301193579.0
68;mzn-gurobiWS-LB-UB;-1.0;-1;3600.0;
68;opl-reprjob;0.98324422;-1;3600.0;66913049.0
68;mzn-gurobi-LB-UB;0.9828316713352008;-1;3600.0;301654568.0
68;opl-reprjob-WS;0.983411317;-1;3600.0;66913049.0
68;opl-reprjob-LB-noUB;0.983803548085901;-1;3600.0;301193579.0
68;opl-reprjob-LB-UB;-1.0;-1;3600.0;301181849.0
69;mzn-gurobi-LB-noUB;-1.0;-1;3600.0;
69;mzn-gurobiWS-LB-noUB;-1.0;-1;3600.0;
69;mzn-gurobi-LB-UB;-1.0;-1;3600.0;
69;mzn-gurobiWS-LB-UB;-1.0;-1;3600.0;
69;opl-reprjob-LB-noUB;0.8580052747252748;-1;3600.0;76120172.0
69;opl-reprjob-LB-WS-noUB;0.8667651282051282;-1;3600.0;76120172.0
69;opl-reprjob-WS;0.866458022;-1;3600.0;16145448.0
69;mzn-gurobi-WS;0.922881172;-1;3600.0;96900084.97
69;opl-reprjob-LB-UB;0.8478423443223443;-1;3600.0;76120172.0
69;opl-reprjob;0.877852601;-1;3600.0;16145448.0
69;opl-reprjob-LB-WS-UB;0.8480527472527473;-1;3600.0;76120172.0
69;mzn-gurobi;-1.0;-1;3600.0;96141469.91
70;mzn-gurobi-LB-noUB;0.7820791208791209;-1;3600.0;58338840.0
70;opl-reprjob-LB-WS-noUB;0.7919194139194139;-1;3600.0;56367400.0
70;mzn-gurobiWS-LB-noUB;0.8112465934065934;-1;3600.0;58338840.0
70;mzn-gurobiWS-LB-UB;0.8688703296703296;-1;3600.0;58338840.0
70;mzn-gurobi-WS;0.867945201;-1;3600.0;58118461.63
70;opl-reprjob-LB-UB;0.802101391941392;-1;3600.0;56367400.0
70;mzn-gurobi-LB-UB;0.8105304029304029;-1;3600.0;58338840.0
70;opl-reprjob-LB-WS-UB;0.8111030036630037;-1;3600.0;56367400.0
70;mzn-gurobi;0.921284689;-1;3600.0;58065936.0
70;opl-reprjob;0.830455385;-1;3600.0;6447456.0
70;opl-reprjob-LB-noUB;0.802101391941392;-1;3600.0;56367400.0
70;opl-reprjob-WS;0.801624322;-1;3600.0;6447456.0
71;opl-reprjob-LB-UB;-1.0;-1;3600.0;60372.0
71;opl-reprjob-LB-WS-UB;0.9636507936507936;-1;3600.0;60376.0
71;mzn-gurobi-WS;0.964634921;-1;3600.0;60203.17932
71;mzn-gurobiWS-LB-noUB;0.9636190476190476;-1;3600.0;60394.0
71;opl-reprjob-WS;0.963714286;-1;3600.0;3144.0
71;mzn-gurobi;-1.0;-1;3600.0;59602.08958
71;opl-reprjob;0.965047619;-1;3600.0;3144.0
71;mzn-gurobiWS-LB-UB;0.9635873015873015;-1;3600.0;60394.0
71;mzn-gurobi-LB-noUB;0.9636190476190476;-1;3600.0;60394.0
71;opl-reprjob-LB-WS-noUB;0.9636507936507936;-1;3600.0;60376.0
71;opl-reprjob-LB-noUB;0.9636507936507936;-1;3600.0;60376.0
71;mzn-gurobi-LB-UB;-1.0;-1;3600.0;
72;opl-reprjob-LB-noUB;0.961873015873016;-1;3600.0;60472.0
72;opl-reprjob-WS;0.961873016;-1;3600.0;3600.0
72;mzn-gurobi-WS;0.965365079;-1;3600.0;132.0011956
72;mzn-gurobi;-1.0;-1;3600.0;132.0011956
72;opl-reprjob-LB-WS-noUB;0.961873015873016;-1;3600.0;60472.0
72;mzn-gurobiWS-LB-UB;0.9633809523809524;-1;3600.0;60472.0
72;mzn-gurobi-LB-UB;0.9618412698412698;-1;3600.0;60472.0
72;opl-reprjob-LB-UB;0.966063492063492;-1;3600.0;60472.0
72;opl-reprjob;0.962730159;-1;3600.0;3600.0
72;opl-reprjob-LB-WS-UB;0.961873015873016;-1;3600.0;60472.0
72;mzn-gurobiWS-LB-noUB;0.9623809523809524;-1;3600.0;60472.0
72;mzn-gurobi-LB-noUB;0.9635555555555556;-1;3600.0;60472.0
73;opl-reprjob-LB-UB;0.5639047619047619;-1;3600.0;29544.0
73;mzn-gurobi-LB-UB;0.6178730158730159;-1;3600.0;30968.0
73;mzn-gurobiWS-LB-UB;0.5343492063492064;-1;3600.0;30968.0
73;opl-reprjob;0.564825397;-1;3600.0;3846.0
73;mzn-gurobi-WS;0.926380952;-1;3600.0;8.0
73;opl-reprjob-WS;0.545873016;-1;3600.0;3846.0
73;mzn-gurobi;-1.0;-1;3600.0;8.0
73;opl-reprjob-LB-WS-noUB;0.5542857142857143;-1;3600.0;29544.0
73;mzn-gurobiWS-LB-noUB;0.535079365079365;-1;3600.0;30975.9999976
73;opl-reprjob-LB-noUB;0.6033333333333334;-1;3600.0;29544.0
73;opl-reprjob-LB-WS-UB;0.5644761904761905;-1;3600.0;29544.0
73;mzn-gurobi-LB-noUB;0.5991428571428571;-1;3600.0;30968.0
74;mzn-gurobi-LB-UB;0.9765595238095238;-1;3600.0;11280580.0
74;mzn-gurobi-WS;0.978571429;-1;3600.0;204618.3322
74;opl-reprjob-LB-WS-noUB;0.97825;-1;3600.0;11280580.0
74;mzn-gurobi;-1.0;-1;3600.0;5895938.079
74;mzn-gurobiWS-LB-UB;0.9763333333333334;-1;3600.0;11280580.0
74;opl-reprjob-LB-UB;-1.0;-1;3600.0;11280580.0
74;opl-reprjob;0.97768254;-1;3600.0;662400.0
74;mzn-gurobiWS-LB-noUB;0.9762261904761904;-1;3600.0;11280580.0
74;opl-reprjob-LB-noUB;0.9774603174603176;-1;3600.0;11280580.0
74;opl-reprjob-LB-WS-UB;0.978047619047619;-1;3600.0;11280580.0
74;opl-reprjob-WS;0.977555556;-1;3600.0;662400.0
74;mzn-gurobi-LB-noUB;0.976345238095238;-1;3600.0;11280580.0
75;opl-reprjob-LB-WS-UB;0.9405329598506068;-1;3600.0;70015610.0
75;opl-reprjob-LB-noUB;0.9405553688141924;-1;3600.0;70015610.0
75;mzn-gurobiWS-LB-noUB;0.9405329598506068;1;547.3773;70511756.0
75;mzn-gurobi-LB-noUB;0.9405329598506068;1;2131.7025;70511752.4076
75;opl-reprjob-LB-WS-noUB;0.9405329598506068;-1;3600.0;70015610.0
75;opl-reprjob;0.94053296;-1;3600.0;2142000.0
75;mzn-gurobi-LB-UB;0.9405329598506068;1;493.0305;70511380.4629
75;opl-reprjob-WS;0.940555369;-1;3600.0;2142000.0
75;mzn-gurobi;0.94053296;-1;3600.0;70380700.91
75;mzn-gurobiWS-LB-UB;0.9405329598506068;1;444.1794;70511756.0
75;mzn-gurobi-WS;0.94053296;1;3239.9038;70511756.0
75;opl-reprjob-LB-UB;0.9405553688141924;-1;3600.0;70015610.0
76;mzn-gurobiWS-LB-UB;0.9736825396825396;-1;3600.0;60881.5768029
76;mzn-gurobi-LB-noUB;0.9736825396825396;-1;3600.0;60873.3434122
76;opl-reprjob-LB-WS-UB;0.9736825396825396;-1;3600.0;60708.0
76;mzn-gurobi-LB-UB;0.9736825396825396;-1;3600.0;60848.6523785
76;opl-reprjob-LB-WS-noUB;0.9736825396825396;-1;3600.0;60708.0
76;opl-reprjob-LB-noUB;0.9736825396825396;-1;3600.0;60708.0
76;opl-reprjob-WS;0.973746032;-1;3600.0;7358.0
76;mzn-gurobi;0.97384127;-1;3600.0;60408.21356
76;opl-reprjob;0.973746032;-1;3600.0;7358.0
76;mzn-gurobi-WS;0.974222222;-1;3600.0;60430.09378
76;mzn-gurobiWS-LB-noUB;0.9736825396825396;-1;3600.0;60868.8830681
76;opl-reprjob-LB-UB;-1.0;-1;3600.0;60702.0
77;opl-reprjob-LB-noUB;0.9327301587301589;-1;3600.0;49324.0
77;opl-reprjob-WS;0.932698413;-1;3600.0;3600.0
77;mzn-gurobiWS-LB-UB;0.9243809523809524;-1;3600.0;49410.0
77;mzn-gurobi-WS;0.924285714;-1;3600.0;156.0011259
77;mzn-gurobiWS-LB-noUB;0.9242857142857144;-1;3600.0;49410.0
77;opl-reprjob-LB-WS-UB;0.9237460317460318;-1;3600.0;49324.0
77;opl-reprjob;0.932571429;-1;3600.0;3600.0
77;mzn-gurobi-LB-UB;-1.0;-1;3600.0;
77;mzn-gurobi-LB-noUB;-1.0;-1;3600.0;
77;mzn-gurobi;-1.0;-1;3600.0;156.0014452
77;opl-reprjob-LB-WS-noUB;0.9323809523809524;-1;3600.0;49324.0
77;opl-reprjob-LB-UB;0.9327301587301589;-1;3600.0;49324.0
78;mzn-gurobi-LB-noUB;0.6167619047619047;-1;3600.0;21396.0
78;opl-reprjob-WS;0.448984127;-1;3600.0;1200.0
78;mzn-gurobiWS-LB-UB;0.4297142857142857;-1;3600.0;21396.0
78;opl-reprjob-LB-UB;-1.0;-1;3600.0;21104.0
78;opl-reprjob-LB-WS-UB;0.4197142857142857;-1;3600.0;21104.0
78;mzn-gurobi-WS;0.771333333;-1;3600.0;1928.031015
78;opl-reprjob;0.411777778;-1;3600.0;1200.0
78;mzn-gurobi;-1.0;-1;3600.0;1928.031015
78;mzn-gurobiWS-LB-noUB;0.4284444444444444;-1;3600.0;21396.0
78;opl-reprjob-LB-WS-noUB;0.4014920634920635;-1;3600.0;21104.0
78;mzn-gurobi-LB-UB;-1.0;-1;3600.0;
78;opl-reprjob-LB-noUB;0.4218730158730159;-1;3600.0;21104.0
79;mzn-gurobi-LB-UB;-1.0;-1;3600.0;
79;opl-reprjob-LB-WS-UB;0.9768975704567542;-1;3600.0;12434670.0
79;opl-reprjob-LB-WS-noUB;0.9768975704567542;-1;3600.0;12434670.0
79;mzn-gurobiWS-LB-noUB;0.976456443148688;-1;3600.0;12434670.0
79;mzn-gurobiWS-LB-UB;0.9764654616132168;-1;3600.0;12434670.0
79;mzn-gurobi-LB-noUB;0.9764986588921284;-1;3600.0;12434670.0
79;opl-reprjob-WS;0.976908999;-1;3600.0;1225000.0
79;opl-reprjob-LB-UB;-1.0;-1;3600.0;12434670.0
79;mzn-gurobi;-1.0;-1;3600.0;2001879.017
79;opl-reprjob;0.977972867;-1;3600.0;1225000.0
79;mzn-gurobi-WS;0.978268144;-1;3600.0;5335230.996
79;opl-reprjob-LB-noUB;0.9768949271137026;-1;3600.0;12434670.0
80;mzn-gurobi-LB-noUB;0.6468854528478057;-1;3600.0;111447742.0
80;opl-reprjob-WS;0.568549916;-1;3600.0;9071338.0
80;mzn-gurobiWS-LB-noUB;0.531531279178338;-1;3600.0;111447742.0
80;mzn-gurobi-LB-UB;-1.0;-1;3600.0;
80;opl-reprjob-LB-noUB;0.5308628197945845;-1;3600.0;106356632.0
80;mzn-gurobiWS-LB-UB;0.54099279178338;-1;3600.0;111447742.0
80;opl-reprjob;0.548582857;-1;3600.0;9071338.0
80;mzn-gurobi;-1.0;-1;3600.0;30432792.06
80;opl-reprjob-LB-UB;0.5486973669467787;-1;3600.0;106356632.0
80;opl-reprjob-LB-WS-noUB;0.5508495238095238;-1;3600.0;106356632.0
80;opl-reprjob-LB-WS-UB;0.54981639589169;-1;3600.0;106356632.0
80;mzn-gurobi-WS;0.861416545;-1;3600.0;105390967.4
81;mzn-gurobiWS-LB-noUB;0.7236317460317461;-1;3600.0;43986.0
81;mzn-gurobi;-1.0;-1;3600.0;
81;mzn-gurobiWS-LB-UB;0.7767492063492063;-1;3600.0;43986.0
81;opl-reprjob-LB-UB;0.6213079365079365;-1;3600.0;43260.0
81;opl-reprjob-WS;0.623809524;-1;3600.0;1844.0
81;mzn-gurobi-LB-UB;-1.0;-1;3600.0;
81;opl-reprjob-LB-WS-UB;0.6020698412698413;-1;3600.0;43260.0
81;mzn-gurobi-LB-noUB;-1.0;-1;3600.0;
81;mzn-gurobi-WS;0.93607619;-1;3600.0;39608.0
81;opl-reprjob-LB-WS-noUB;0.6133587301587301;-1;3600.0;43260.0
81;opl-reprjob-LB-noUB;0.6478984126984128;-1;3600.0;43260.0
81;opl-reprjob;0.672952381;-1;3600.0;
82;mzn-gurobi-WS;0.936901587;-1;3600.0;136220.0
82;opl-reprjob-LB-noUB;0.9104;-1;3600.0;136912.0
82;mzn-gurobiWS-LB-noUB;0.910336507936508;-1;3600.0;137164.0
82;opl-reprjob;0.92208254;-1;3600.0;
82;opl-reprjob-WS;0.914349206;-1;3600.0;3112.0
82;mzn-gurobi;-1.0;-1;3600.0;
82;mzn-gurobi-LB-UB;-1.0;-1;3600.0;
82;opl-reprjob-LB-WS-noUB;0.9068825396825396;-1;3600.0;136912.0
82;opl-reprjob-LB-WS-UB;0.9068825396825396;-1;3600.0;136912.0
82;mzn-gurobiWS-LB-UB;-1.0;-1;3600.0;
82;mzn-gurobi-LB-noUB;-1.0;-1;3600.0;
82;opl-reprjob-LB-UB;-1.0;-1;3600.0;136912.0
83;mzn-gurobiWS-LB-noUB;-1.0;-1;3600.0;
83;opl-reprjob-LB-WS-UB;0.8458793650793651;-1;3600.0;42646.0
83;opl-reprjob-WS;0.860126984;-1;3600.0;1218.0
83;mzn-gurobiWS-LB-UB;-1.0;-1;3600.0;
83;mzn-gurobi;-1.0;-1;3600.0;
83;opl-reprjob-LB-WS-noUB;0.8578539682539682;-1;3600.0;42646.0
83;mzn-gurobi-LB-noUB;-1.0;-1;3600.0;
83;opl-reprjob;0.85304127;-1;3600.0;
83;mzn-gurobi-LB-UB;-1.0;-1;3600.0;
83;opl-reprjob-LB-noUB;0.8731682539682539;-1;3600.0;42646.0
83;opl-reprjob-LB-UB;0.8731682539682539;-1;3600.0;42646.0
83;mzn-gurobi-WS;-1.0;-1;3600.0;
84;opl-reprjob-LB-WS-UB;0.9803710469695124;-1;3600.0;389730471.0
84;opl-reprjob;0.980160695;-1;3600.0;
84;opl-reprjob-LB-noUB;0.9800306255835668;-1;3600.0;389730471.0
84;opl-reprjob-WS;0.979809329;-1;3600.0;10923146.0
84;mzn-gurobi-LB-UB;-1.0;-1;3600.0;
84;mzn-gurobiWS-LB-UB;-1.0;-1;3600.0;
84;mzn-gurobi-WS;-1.0;-1;3600.0;
84;mzn-gurobiWS-LB-noUB;-1.0;-1;3600.0;
84;mzn-gurobi;-1.0;-1;3600.0;
84;mzn-gurobi-LB-noUB;-1.0;-1;3600.0;
84;opl-reprjob-LB-WS-noUB;0.980238184549182;-1;3600.0;389730471.0
84;opl-reprjob-LB-UB;-1.0;-1;3600.0;389717874.0
85;mzn-gurobiWS-LB-UB;-1.0;-1;3600.0;
85;opl-reprjob-LB-noUB;0.9590095238095238;-1;3600.0;36664.0
85;opl-reprjob-LB-WS-noUB;0.7929777777777778;-1;3600.0;36664.0
85;mzn-gurobi;-1.0;-1;3600.0;
85;opl-reprjob-LB-UB;0.9590095238095238;-1;3600.0;36664.0
85;opl-reprjob-WS;0.872507937;-1;3600.0;1244.0
85;opl-reprjob;0.951644444;-1;3600.0;
85;opl-reprjob-LB-WS-UB;0.8347301587301588;-1;3600.0;36664.0
85;mzn-gurobi-LB-noUB;-1.0;-1;3600.0;
85;mzn-gurobiWS-LB-noUB;-1.0;-1;3600.0;
85;mzn-gurobi-LB-UB;-1.0;-1;3600.0;
85;mzn-gurobi-WS;-1.0;-1;3600.0;
86;opl-reprjob-LB-WS-noUB;0.9763936507936508;-1;3600.0;153004.0
86;mzn-gurobiWS-LB-noUB;-1.0;-1;3600.0;
86;opl-reprjob-LB-WS-UB;0.9762412698412698;-1;3600.0;153004.0
86;opl-reprjob-LB-UB;-1.0;-1;3600.0;153002.0
86;opl-reprjob-LB-noUB;-1.0;-1;3600.0;153002.0
86;opl-reprjob;-1.0;-1;3600.0;
86;mzn-gurobi-WS;-1.0;-1;3600.0;
86;mzn-gurobi;-1.0;-1;3600.0;
86;opl-reprjob-WS;0.977307937;-1;3600.0;9986.0
86;mzn-gurobi-LB-UB;-1.0;-1;3600.0;
86;mzn-gurobiWS-LB-UB;-1.0;-1;3600.0;
86;mzn-gurobi-LB-noUB;-1.0;-1;3600.0;
87;mzn-gurobiWS-LB-UB;-1.0;-1;3600.0;
87;opl-reprjob-LB-WS-UB;0.885663492063492;-1;3600.0;100944.0
87;opl-reprjob-WS;0.889295238;-1;3600.0;4344.0
87;mzn-gurobi;-1.0;-1;3600.0;
87;opl-reprjob;0.912050794;-1;3600.0;
87;mzn-gurobiWS-LB-noUB;-1.0;-1;3600.0;
87;mzn-gurobi-LB-UB;-1.0;-1;3600.0;
87;opl-reprjob-LB-noUB;0.9041015873015872;-1;3600.0;100944.0
87;opl-reprjob-LB-UB;0.8854984126984127;-1;3600.0;100944.0
87;mzn-gurobi-LB-noUB;-1.0;-1;3600.0;
87;opl-reprjob-LB-WS-noUB;0.8971174603174603;-1;3600.0;100944.0
87;mzn-gurobi-WS;-1.0;-1;3600.0;
88;mzn-gurobiWS-LB-noUB;-1.0;-1;3600.0;
88;mzn-gurobi;-1.0;-1;3600.0;
88;mzn-gurobi-WS;-1.0;-1;3600.0;
88;opl-reprjob;0.973164078;-1;3600.0;
88;opl-reprjob-WS;0.870016542;-1;3600.0;21336075.0
88;opl-reprjob-LB-WS-noUB;0.881017260753431;-1;3600.0;429787646.0
88;opl-reprjob-LB-WS-UB;0.8658591139357097;-1;3600.0;429787646.0
88;opl-reprjob-LB-noUB;0.9731640784747168;-1;3600.0;429787646.0
88;mzn-gurobi-LB-UB;-1.0;-1;3600.0;
88;opl-reprjob-LB-UB;-1.0;-1;3600.0;429787646.0
88;mzn-gurobi-LB-noUB;-1.0;-1;3600.0;
88;mzn-gurobiWS-LB-UB;-1.0;-1;3600.0;
89;mzn-gurobi-WS;-1.0;-1;3600.0;
89;opl-reprjob-LB-noUB;0.9588063492063492;-1;3600.0;150260.0
89;mzn-gurobi-LB-noUB;-1.0;-1;3600.0;
89;mzn-gurobi;-1.0;-1;3600.0;
89;opl-reprjob;0.958933333;-1;3600.0;
89;opl-reprjob-WS;0.95888254;-1;3600.0;6644.0
89;opl-reprjob-LB-WS-UB;0.9587809523809524;-1;3600.0;150260.0
89;mzn-gurobiWS-LB-UB;-1.0;-1;3600.0;
89;mzn-gurobiWS-LB-noUB;-1.0;-1;3600.0;
89;opl-reprjob-LB-WS-noUB;0.9588825396825396;-1;3600.0;150260.0
89;opl-reprjob-LB-UB;-1.0;-1;3600.0;150260.0
89;mzn-gurobi-LB-UB;-1.0;-1;3600.0;
90;opl-reprjob-LB-noUB;-1.0;-1;3600.0;129124240.0
90;mzn-gurobiWS-LB-UB;-1.0;-1;3600.0;
90;mzn-gurobiWS-LB-noUB;-1.0;-1;3600.0;
90;mzn-gurobi-LB-UB;-1.0;-1;3600.0;
90;opl-reprjob-LB-WS-UB;0.9725996937441644;-1;3600.0;129124240.0
90;mzn-gurobi;-1.0;-1;3600.0;
90;mzn-gurobi-LB-noUB;-1.0;-1;3600.0;
90;opl-reprjob;-1.0;-1;3600.0;
90;mzn-gurobi-WS;-1.0;-1;3600.0;
90;opl-reprjob-WS;0.972599694;-1;3600.0;4212252.0
90;opl-reprjob-LB-WS-noUB;0.9725996937441644;-1;3600.0;129124240.0
90;opl-reprjob-LB-UB;-1.0;-1;3600.0;129124240.0
91;opl-reprjob-LB-WS-noUB;0.9630095238095238;-1;3600.0;151078.0
91;opl-reprjob-LB-noUB;0.9649777777777778;-1;3600.0;151078.0
91;opl-reprjob-LB-UB;-1.0;-1;3600.0;151078.0
91;mzn-gurobiWS-LB-noUB;0.9614349206349206;-1;3600.0;151078.0
91;opl-reprjob;0.963263492;-1;3600.0;
91;mzn-gurobi;-1.0;-1;3600.0;
91;mzn-gurobi-LB-noUB;-1.0;-1;3600.0;
91;opl-reprjob-LB-WS-UB;0.9626539682539682;-1;3600.0;151078.0
91;mzn-gurobiWS-LB-UB;-1.0;-1;3600.0;
91;mzn-gurobi-WS;0.961511111;-1;3600.0;8.0
91;mzn-gurobi-LB-UB;-1.0;-1;3600.0;
91;opl-reprjob-WS;0.963149206;-1;3600.0;1800.0
92;mzn-gurobi;-1.0;-1;3600.0;
92;mzn-gurobi-WS;0.900862048;-1;3600.0;1656.0
92;mzn-gurobiWS-LB-UB;0.9006207357859531;-1;3600.0;242729460.0
92;mzn-gurobi-LB-UB;-1.0;-1;3600.0;
92;opl-reprjob-LB-noUB;0.907459022137283;-1;3600.0;242289118.0
92;opl-reprjob-LB-WS-UB;0.8929198917025004;-1;3600.0;242289118.0
92;mzn-gurobiWS-LB-noUB;0.9006607421563944;-1;3600.0;242729460.0
92;opl-reprjob-LB-UB;0.961648033126294;-1;3600.0;242289118.0
92;opl-reprjob-WS;0.892623284;-1;3600.0;3229200.0
92;mzn-gurobi-LB-noUB;-1.0;-1;3600.0;
92;opl-reprjob;0.926822488;-1;3600.0;
92;opl-reprjob-LB-WS-noUB;0.8968652333174072;-1;3600.0;242289118.0
93;mzn-gurobi-LB-noUB;-1.0;-1;3600.0;
93;opl-reprjob-LB-WS-noUB;0.8234539682539682;-1;3600.0;115852.0
93;opl-reprjob-LB-noUB;0.8589968253968254;-1;3600.0;115852.0
93;mzn-gurobiWS-LB-UB;0.8677333333333334;-1;3600.0;116288.0
93;mzn-gurobiWS-LB-noUB;0.8675555555555555;-1;3600.0;116288.0
93;opl-reprjob-LB-WS-UB;0.8222984126984128;-1;3600.0;115852.0
93;mzn-gurobi-LB-UB;-1.0;-1;3600.0;
93;opl-reprjob-LB-UB;0.8379682539682539;-1;3600.0;115852.0
93;mzn-gurobi;-1.0;-1;3600.0;
93;opl-reprjob-WS;0.825942857;-1;3600.0;1200.0
93;mzn-gurobi-WS;0.867555556;-1;3600.0;8.0
93;opl-reprjob;0.856203175;-1;3600.0;
94;mzn-gurobi-LB-noUB;-1.0;-1;3600.0;
94;opl-reprjob-LB-WS-UB;0.5623976054421769;-1;3600.0;29356067.0
94;mzn-gurobiWS-LB-UB;-1.0;-1;3600.0;
94;mzn-gurobi-LB-UB;-1.0;-1;3600.0;
94;opl-reprjob-LB-UB;0.8287651700680272;-1;3600.0;29356067.0
94;opl-reprjob-WS;0.559395701;-1;3600.0;1155000.0
94;opl-reprjob-LB-noUB;0.8287651700680272;-1;3600.0;29356067.0
94;mzn-gurobiWS-LB-noUB;-1.0;-1;3600.0;
94;opl-reprjob;0.810016435;-1;3600.0;
94;opl-reprjob-LB-WS-noUB;0.5623962993197279;-1;3600.0;29356067.0
94;mzn-gurobi-WS;0.816750585;-1;3600.0;616.0
94;mzn-gurobi;-1.0;-1;3600.0;
95;mzn-gurobi-WS;-1.0;-1;3600.0;
95;mzn-gurobi-LB-UB;-1.0;-1;3600.0;
95;opl-reprjob;0.972953237;-1;3600.0;
95;opl-reprjob-LB-WS-noUB;0.9682913447139864;-1;3600.0;674306751.0
95;opl-reprjob-WS;0.972279707;-1;3600.0;25632125.0
95;mzn-gurobiWS-LB-noUB;-1.0;-1;3600.0;
95;opl-reprjob-LB-WS-UB;0.9720230693535276;-1;3600.0;674306751.0
95;mzn-gurobi;-1.0;-1;3600.0;
95;mzn-gurobi-LB-noUB;-1.0;-1;3600.0;
95;mzn-gurobiWS-LB-UB;-1.0;-1;3600.0;
95;opl-reprjob-LB-noUB;0.9726212638514524;-1;3600.0;674306751.0
95;opl-reprjob-LB-UB;-1.0;-1;3600.0;674306751.0
96;mzn-gurobi-LB-noUB;-1.0;-1;3600.0;
96;opl-reprjob-WS;0.976419048;-1;3600.0;3600.0
96;opl-reprjob-LB-WS-noUB;0.9768507936507936;-1;3600.0;153190.0
96;opl-reprjob-LB-UB;-1.0;-1;3600.0;153190.0
96;opl-reprjob;0.977333333;-1;3600.0;
96;mzn-gurobi-WS;-1.0;-1;3600.0;
96;mzn-gurobi;-1.0;-1;3600.0;
96;mzn-gurobiWS-LB-UB;-1.0;-1;3600.0;
96;opl-reprjob-LB-noUB;0.9768507936507936;-1;3600.0;153190.0
96;mzn-gurobi-LB-UB;-1.0;-1;3600.0;
96;opl-reprjob-LB-WS-UB;0.9762031746031746;-1;3600.0;153190.0
96;mzn-gurobiWS-LB-noUB;-1.0;-1;3600.0;
97;mzn-gurobi-WS;-1.0;-1;3600.0;
97;mzn-gurobi;-1.0;-1;3600.0;
97;opl-reprjob;0.83815873;-1;3600.0;
97;opl-reprjob-WS;0.509485714;-1;3600.0;3000.0
97;mzn-gurobiWS-LB-UB;-1.0;-1;3600.0;
97;opl-reprjob-LB-WS-noUB;0.498184126984127;-1;3600.0;53136.0
97;mzn-gurobiWS-LB-noUB;-1.0;-1;3600.0;
97;opl-reprjob-LB-UB;-1.0;-1;3600.0;53136.0
97;opl-reprjob-LB-WS-UB;0.4915936507936508;-1;3600.0;53136.0
97;mzn-gurobi-LB-UB;-1.0;-1;3600.0;
97;opl-reprjob-LB-noUB;0.4950730158730159;-1;3600.0;53136.0
97;mzn-gurobi-LB-noUB;-1.0;-1;3600.0;
98;opl-reprjob;0.98709896;-1;3600.0;
98;mzn-gurobi-WS;-1.0;-1;3600.0;
98;mzn-gurobi;-1.0;-1;3600.0;
98;mzn-gurobiWS-LB-noUB;-1.0;-1;3600.0;
98;opl-reprjob-LB-noUB;0.964902564102564;-1;3600.0;196470288.0
98;opl-reprjob-WS;0.966285011;-1;3600.0;4680000.0
98;opl-reprjob-LB-WS-noUB;0.9644991062271062;-1;3600.0;196470288.0
98;opl-reprjob-LB-UB;-1.0;-1;3600.0;196470288.0
98;mzn-gurobiWS-LB-UB;-1.0;-1;3600.0;
98;opl-reprjob-LB-WS-UB;0.9641574212454213;-1;3600.0;196470288.0
98;mzn-gurobi-LB-UB;-1.0;-1;3600.0;
98;mzn-gurobi-LB-noUB;-1.0;-1;3600.0;
99;opl-reprjob;-1.0;-1;3600.0;
99;mzn-gurobi;-1.0;-1;3600.0;
99;mzn-gurobi-WS;-1.0;-1;3600.0;
99;mzn-gurobi-LB-noUB;-1.0;-1;3600.0;
99;mzn-gurobiWS-LB-noUB;-1.0;-1;3600.0;
99;opl-reprjob-LB-noUB;-1.0;-1;3600.0;29388434.0
99;opl-reprjob-LB-WS-noUB;0.9822019047619048;-1;3600.0;29388434.0
99;opl-reprjob-LB-WS-UB;0.9822019047619048;-1;3600.0;29388434.0
99;opl-reprjob-LB-UB;-1.0;-1;3600.0;29388434.0
99;mzn-gurobiWS-LB-UB;-1.0;-1;3600.0;
99;mzn-gurobi-LB-UB;-1.0;-1;3600.0;
99;opl-reprjob-WS;0.982201905;-1;3600.0;1651538.0
100;mzn-gurobi;-1.0;-1;3600.0;
100;mzn-gurobi-LB-UB;-1.0;-1;3600.0;
100;mzn-gurobi-WS;-1.0;-1;3600.0;
100;opl-reprjob-LB-noUB;-1.0;-1;3600.0;86588.0
100;opl-reprjob-LB-WS-UB;0.8989714285714285;-1;3600.0;86588.0
100;opl-reprjob;-1.0;-1;3600.0;
100;mzn-gurobiWS-LB-UB;-1.0;-1;3600.0;
100;opl-reprjob-LB-UB;-1.0;-1;3600.0;86588.0
100;mzn-gurobi-LB-noUB;-1.0;-1;3600.0;
100;mzn-gurobiWS-LB-noUB;-1.0;-1;3600.0;
100;opl-reprjob-LB-WS-noUB;0.8798095238095238;-1;3600.0;86588.0
100;opl-reprjob-WS;0.899073016;-1;3600.0;2400.0
101;opl-reprjob-LB-WS-noUB;0.8191746031746032;-1;3600.0;207656.0
101;mzn-gurobiWS-LB-noUB;0.8810222222222223;-1;3600.0;-1e+100
101;opl-reprjob-LB-noUB;0.8443619047619048;-1;3600.0;207656.0
101;opl-reprjob-LB-WS-UB;0.8500190476190477;-1;3600.0;207656.0
101;opl-reprjob-LB-UB;0.8443619047619048;-1;3600.0;207656.0
101;mzn-gurobi-LB-noUB;-1.0;-1;3600.0;
101;mzn-gurobiWS-LB-UB;0.8851746031746032;-1;3600.0;-1e+100
101;opl-reprjob-WS;0.828215873;-1;3600.0;1800.0
101;mzn-gurobi;-1.0;-1;3600.0;
101;mzn-gurobi-WS;0.88064127;-1;3600.0;8.0
101;mzn-gurobi-LB-UB;-1.0;-1;3600.0;
101;opl-reprjob;0.827269841;-1;3600.0;
102;opl-reprjob-WS;0.959336458;-1;3600.0;4686560.0
102;mzn-gurobiWS-LB-UB;-1.0;-1;3600.0;
102;opl-reprjob-LB-UB;-1.0;-1;3600.0;322778796.0
102;opl-reprjob-LB-WS-noUB;0.9594634416729656;-1;3600.0;322782162.0
102;opl-reprjob-LB-WS-UB;0.959635474930713;-1;3600.0;322782162.0
102;mzn-gurobiWS-LB-noUB;-1.0;-1;3600.0;
102;mzn-gurobi-LB-UB;-1.0;-1;3600.0;
102;mzn-gurobi-LB-noUB;-1.0;-1;3600.0;
102;opl-reprjob;0.959404082;-1;3600.0;
102;mzn-gurobi-WS;-1.0;-1;3600.0;
102;mzn-gurobi;-1.0;-1;3600.0;
102;opl-reprjob-LB-noUB;0.959522297808012;-1;3600.0;322782162.0
103;mzn-gurobi-LB-noUB;-1.0;-1;3600.0;
103;mzn-gurobi-LB-UB;-1.0;-1;3600.0;
103;opl-reprjob-LB-UB;-1.0;-1;3600.0;62083546.0
103;opl-reprjob-LB-WS-UB;0.9787877198879552;-1;3600.0;62083546.0
103;mzn-gurobiWS-LB-noUB;-1.0;-1;3600.0;
103;opl-reprjob-LB-WS-noUB;0.9787877198879552;-1;3600.0;62083546.0
103;mzn-gurobiWS-LB-UB;-1.0;-1;3600.0;
103;opl-reprjob-LB-noUB;0.9456676302521008;-1;3600.0;62083546.0
103;mzn-gurobi-WS;-1.0;-1;3600.0;
103;opl-reprjob;0.959134566;-1;3600.0;
103;mzn-gurobi;-1.0;-1;3600.0;
103;opl-reprjob-WS;0.972970487;-1;3600.0;1354644.0
104;mzn-gurobi-LB-UB;-1.0;-1;3600.0;
104;mzn-gurobiWS-LB-noUB;0.6302793650793651;-1;3600.0;122654.0
104;mzn-gurobi-LB-noUB;-1.0;-1;3600.0;
104;mzn-gurobi-WS;0.89632381;-1;3600.0;8.0
104;opl-reprjob;0.581492063;-1;3600.0;
104;mzn-gurobiWS-LB-UB;0.630368253968254;-1;3600.0;122654.0
104;opl-reprjob-LB-WS-UB;0.5686603174603174;-1;3600.0;122098.0
104;opl-reprjob-LB-noUB;0.5964698412698413;-1;3600.0;122098.0
104;opl-reprjob-LB-WS-noUB;0.5711238095238095;-1;3600.0;122098.0
104;mzn-gurobi;-1.0;-1;3600.0;
104;opl-reprjob-WS;0.60568254;-1;3600.0;2552.0
104;opl-reprjob-LB-UB;-1.0;-1;3600.0;122098.0
105;opl-reprjob-LB-WS-noUB;0.9790761904761904;-1;3600.0;306591.0
105;mzn-gurobi-LB-UB;-1.0;-1;3600.0;
105;mzn-gurobiWS-LB-noUB;-1.0;-1;3600.0;
105;opl-reprjob-LB-noUB;0.9784539682539682;-1;3600.0;306591.0
105;opl-reprjob-WS;0.97907619;-1;3600.0;1800.0
105;mzn-gurobi;-1.0;-1;3600.0;
105;opl-reprjob-LB-WS-UB;0.9790761904761904;-1;3600.0;306591.0
105;mzn-gurobi-WS;-1.0;-1;3600.0;
105;mzn-gurobi-LB-noUB;-1.0;-1;3600.0;
105;opl-reprjob;0.980095238;-1;3600.0;
105;mzn-gurobiWS-LB-UB;-1.0;-1;3600.0;
105;opl-reprjob-LB-UB;-1.0;-1;3600.0;306591.0
106;opl-reprjob;0.969466667;-1;3600.0;
106;mzn-gurobi-WS;-1.0;-1;3600.0;
106;opl-reprjob-WS;0.967803175;-1;3600.0;8072.0
106;mzn-gurobi;-1.0;-1;3600.0;
106;mzn-gurobiWS-LB-noUB;-1.0;-1;3600.0;
106;opl-reprjob-LB-WS-UB;0.9674349206349206;-1;3600.0;302140.0
106;opl-reprjob-LB-noUB;0.9678095238095238;-1;3600.0;302140.0
106;mzn-gurobiWS-LB-UB;-1.0;-1;3600.0;
106;mzn-gurobi-LB-UB;-1.0;-1;3600.0;
106;opl-reprjob-LB-WS-noUB;0.967384126984127;-1;3600.0;302140.0
106;opl-reprjob-LB-UB;-1.0;-1;3600.0;302136.0
106;mzn-gurobi-LB-noUB;-1.0;-1;3600.0;
107;opl-reprjob-LB-WS-noUB;0.9850026666666668;-1;3600.0;5028720.0
107;opl-reprjob-LB-noUB;0.9838704761904762;-1;3600.0;5028720.0
107;mzn-gurobiWS-LB-noUB;-1.0;-1;3600.0;
107;opl-reprjob-LB-WS-UB;0.9850026666666668;-1;3600.0;5028720.0
107;opl-reprjob-LB-UB;-1.0;-1;3600.0;5027920.0
107;mzn-gurobi-LB-noUB;-1.0;-1;3600.0;
107;mzn-gurobi-LB-UB;-1.0;-1;3600.0;
107;mzn-gurobi;-1.0;-1;3600.0;
107;mzn-gurobi-WS;-1.0;-1;3600.0;
107;opl-reprjob;0.985884952;-1;3600.0;
107;opl-reprjob-WS;0.985002667;-1;3600.0;60620.0
107;mzn-gurobiWS-LB-UB;-1.0;-1;3600.0;
108;opl-reprjob-LB-WS-noUB;0.9705142857142856;-1;3600.0;136398.0
108;mzn-gurobi-LB-UB;-1.0;-1;3600.0;
108;mzn-gurobiWS-LB-UB;-1.0;-1;3600.0;
108;opl-reprjob-LB-WS-UB;0.9705142857142856;-1;3600.0;136398.0
108;mzn-gurobi-WS;-1.0;-1;3600.0;
108;opl-reprjob-WS;0.969942857;-1;3600.0;2518.0
108;mzn-gurobiWS-LB-noUB;-1.0;-1;3600.0;
108;mzn-gurobi;-1.0;-1;3600.0;
108;opl-reprjob-LB-UB;-1.0;-1;3600.0;136398.0
108;opl-reprjob-LB-noUB;-1.0;-1;3600.0;136398.0
108;mzn-gurobi-LB-noUB;-1.0;-1;3600.0;
108;opl-reprjob;-1.0;-1;3600.0;
109;opl-reprjob-LB-WS-noUB;0.8617523809523809;-1;3600.0;57160.0
109;mzn-gurobiWS-LB-noUB;-1.0;-1;3600.0;
109;mzn-gurobiWS-LB-UB;-1.0;-1;3600.0;
109;opl-reprjob-LB-UB;0.8802539682539683;-1;3600.0;57160.0
109;mzn-gurobi-WS;-1.0;-1;3600.0;
109;opl-reprjob;0.869504762;-1;3600.0;
109;opl-reprjob-WS;0.854425397;-1;3600.0;1312.0
109;mzn-gurobi;-1.0;-1;3600.0;
109;mzn-gurobi-LB-noUB;-1.0;-1;3600.0;
109;opl-reprjob-LB-WS-UB;0.8617523809523809;-1;3600.0;57160.0
109;mzn-gurobi-LB-UB;-1.0;-1;3600.0;
109;opl-reprjob-LB-noUB;0.8802539682539683;-1;3600.0;57160.0
110;opl-reprjob-LB-noUB;0.9777879029649597;-1;3600.0;67625986.0
110;opl-reprjob-LB-WS-noUB;0.9808043414195868;-1;3600.0;67625986.0
110;mzn-gurobiWS-LB-UB;-1.0;-1;3600.0;
110;opl-reprjob-LB-UB;-1.0;-1;3600.0;67625456.0
110;mzn-gurobi-LB-noUB;-1.0;-1;3600.0;
110;mzn-gurobi;-1.0;-1;3600.0;
110;mzn-gurobi-WS;-1.0;-1;3600.0;
110;mzn-gurobiWS-LB-noUB;-1.0;-1;3600.0;
110;opl-reprjob-WS;0.980804341;-1;3600.0;2342456.0
110;mzn-gurobi-LB-UB;-1.0;-1;3600.0;
110;opl-reprjob-LB-WS-UB;0.9808043414195868;-1;3600.0;67625986.0
110;opl-reprjob;0.977431677;-1;3600.0;
111;mzn-gurobi-LB-noUB;-1.0;-1;3600.0;
111;mzn-gurobiWS-LB-UB;-1.0;-1;3600.0;
111;mzn-gurobi-LB-UB;-1.0;-1;3600.0;
111;opl-reprjob-LB-UB;-1.0;-1;3600.0;237830593.0
111;opl-reprjob-LB-WS-UB;0.9812653594771242;-1;3600.0;237830593.0
111;opl-reprjob-LB-WS-noUB;0.9819570494864612;-1;3600.0;237830593.0
111;mzn-gurobi-WS;-1.0;-1;3600.0;
111;opl-reprjob-WS;0.981967507;-1;3600.0;4641000.0
111;opl-reprjob;0.981996639;-1;3600.0;
111;opl-reprjob-LB-noUB;0.9840873949579833;-1;3600.0;237830593.0
111;mzn-gurobiWS-LB-noUB;-1.0;-1;3600.0;
111;mzn-gurobi;-1.0;-1;3600.0;
112;mzn-gurobi-LB-UB;-1.0;-1;3600.0;
112;opl-reprjob-LB-WS-UB;0.5152888888888889;-1;3600.0;107202.0
112;mzn-gurobiWS-LB-noUB;0.4936888888888889;-1;3600.0;107202.0
112;mzn-gurobi-LB-noUB;-1.0;-1;3600.0;
112;mzn-gurobiWS-LB-UB;0.4937269841269841;-1;3600.0;107202.0
112;opl-reprjob-WS;0.662780952;-1;3600.0;600.0
112;mzn-gurobi-WS;0.866025397;-1;3600.0;-1e+100
112;opl-reprjob;0.523828571;-1;3600.0;
112;mzn-gurobi;-1.0;-1;3600.0;
112;opl-reprjob-LB-noUB;0.6792;-1;3600.0;107202.0
112;opl-reprjob-LB-WS-noUB;0.5152888888888889;-1;3600.0;107202.0
112;opl-reprjob-LB-UB;-1.0;-1;3600.0;107202.0
113;opl-reprjob-LB-WS-noUB;0.9673777777777778;-1;3600.0;302022.0
113;mzn-gurobiWS-LB-UB;-1.0;-1;3600.0;
113;mzn-gurobiWS-LB-noUB;-1.0;-1;3600.0;
113;mzn-gurobi-LB-UB;-1.0;-1;3600.0;
113;opl-reprjob-LB-WS-UB;0.9668253968253968;-1;3600.0;302022.0
113;opl-reprjob-LB-noUB;0.9704380952380952;-1;3600.0;302022.0
113;opl-reprjob;0.984730159;-1;3600.0;
113;mzn-gurobi;-1.0;-1;3600.0;
113;mzn-gurobi-WS;-1.0;-1;3600.0;
113;opl-reprjob-WS;0.966711111;-1;3600.0;1800.0
113;mzn-gurobi-LB-noUB;-1.0;-1;3600.0;
113;opl-reprjob-LB-UB;-1.0;-1;3600.0;302022.0
114;opl-reprjob-WS;0.396467302;-1;3600.0;127500.0
114;mzn-gurobi;-1.0;-1;3600.0;
114;mzn-gurobi-WS;-1.0;-1;3600.0;
114;opl-reprjob;0.592393651;-1;3600.0;
114;mzn-gurobiWS-LB-UB;0.464262558356676;-1;3600.0;17733835.0
114;opl-reprjob-LB-WS-UB;0.4677406535947712;-1;3600.0;17606335.0
114;mzn-gurobiWS-LB-noUB;0.4642175910364146;-1;3600.0;17733835.0
114;opl-reprjob-LB-UB;-1.0;-1;3600.0;17606335.0
114;mzn-gurobi-LB-noUB;-1.0;-1;3600.0;
114;mzn-gurobi-LB-UB;-1.0;-1;3600.0;
114;opl-reprjob-LB-noUB;0.5399641456582633;-1;3600.0;17606335.0
114;opl-reprjob-LB-WS-noUB;0.4939090943043884;-1;3600.0;17606335.0
115;mzn-gurobiWS-LB-noUB;-1.0;-1;3600.0;
115;opl-reprjob-LB-WS-UB;0.9747428571428572;-1;3600.0;300060.0
115;mzn-gurobiWS-LB-UB;-1.0;-1;3600.0;
115;opl-reprjob-LB-UB;-1.0;-1;3600.0;300060.0
115;opl-reprjob-LB-noUB;0.975631746031746;-1;3600.0;300060.0
115;mzn-gurobi;-1.0;-1;3600.0;
115;mzn-gurobi-WS;-1.0;-1;3600.0;
115;opl-reprjob;0.978857143;-1;3600.0;
115;mzn-gurobi-LB-noUB;-1.0;-1;3600.0;
115;opl-reprjob-WS;0.977244444;-1;3600.0;1800.0
115;opl-reprjob-LB-WS-noUB;0.974704761904762;-1;3600.0;300060.0
115;mzn-gurobi-LB-UB;-1.0;-1;3600.0;
116;mzn-gurobiWS-LB-noUB;0.841936507936508;-1;3600.0;192022.0
116;opl-reprjob-LB-noUB;0.8502539682539683;-1;3600.0;190948.0
116;mzn-gurobi-LB-noUB;-1.0;-1;3600.0;
116;mzn-gurobi-WS;-1.0;-1;3600.0;
116;mzn-gurobi;-1.0;-1;3600.0;
116;opl-reprjob-WS;0.850577778;-1;3600.0;4272.0
116;opl-reprjob-LB-WS-UB;0.849136507936508;-1;3600.0;190948.0
116;opl-reprjob-LB-UB;-1.0;-1;3600.0;190948.0
116;opl-reprjob-LB-WS-noUB;0.846031746031746;-1;3600.0;190948.0
116;mzn-gurobi-LB-UB;-1.0;-1;3600.0;
116;mzn-gurobiWS-LB-UB;-1.0;-1;3600.0;
116;opl-reprjob;0.849733333;-1;3600.0;
117;mzn-gurobiWS-LB-noUB;-1.0;-1;3600.0;
117;opl-reprjob-LB-WS-noUB;0.9792507936507936;-1;3600.0;254712.0
117;mzn-gurobiWS-LB-UB;-1.0;-1;3600.0;
117;mzn-gurobi-LB-UB;-1.0;-1;3600.0;
117;mzn-gurobi-LB-noUB;-1.0;-1;3600.0;
117;opl-reprjob-LB-WS-UB;0.9792507936507936;-1;3600.0;254712.0
117;opl-reprjob-LB-noUB;0.9515809523809524;-1;3600.0;254712.0
117;opl-reprjob;0.947771429;-1;3600.0;
117;mzn-gurobi-WS;-1.0;-1;3600.0;
117;mzn-gurobi;-1.0;-1;3600.0;
117;opl-reprjob-WS;0.981193651;-1;3600.0;5552.0
117;opl-reprjob-LB-UB;0.9489841269841268;-1;3600.0;254712.0
118;mzn-gurobiWS-LB-UB;-1.0;-1;3600.0;
118;opl-reprjob-LB-UB;-1.0;-1;3600.0;300140.0
118;opl-reprjob-LB-noUB;0.9647873015873016;-1;3600.0;300140.0
118;opl-reprjob-LB-WS-UB;0.9644698412698413;-1;3600.0;300140.0
118;opl-reprjob;0.964939683;-1;3600.0;
118;opl-reprjob-WS;0.967784127;-1;3600.0;4236.0
118;mzn-gurobi-LB-UB;-1.0;-1;3600.0;
118;mzn-gurobi-LB-noUB;-1.0;-1;3600.0;
118;mzn-gurobi-WS;-1.0;-1;3600.0;
118;mzn-gurobi;-1.0;-1;3600.0;
118;mzn-gurobiWS-LB-noUB;-1.0;-1;3600.0;
118;opl-reprjob-LB-WS-noUB;0.967784126984127;-1;3600.0;300140.0
119;opl-reprjob-WS;0.91991746;-1;3600.0;9158.0
119;mzn-gurobiWS-LB-UB;-1.0;-1;3600.0;
119;opl-reprjob-LB-noUB;0.8866666666666667;-1;3600.0;244518.0
119;mzn-gurobi-LB-noUB;-1.0;-1;3600.0;
119;opl-reprjob-LB-WS-noUB;0.8990730158730159;-1;3600.0;244518.0
119;opl-reprjob-LB-WS-UB;0.914336507936508;-1;3600.0;244518.0
119;mzn-gurobi-WS;-1.0;-1;3600.0;
119;mzn-gurobi-LB-UB;-1.0;-1;3600.0;
119;opl-reprjob-LB-UB;0.9126793650793652;-1;3600.0;244518.0
119;mzn-gurobiWS-LB-noUB;-1.0;-1;3600.0;
119;mzn-gurobi;-1.0;-1;3600.0;
119;opl-reprjob;0.926971429;-1;3600.0;
120;opl-reprjob-LB-UB;-1.0;-1;3600.0;64243559.0
120;mzn-gurobiWS-LB-noUB;-1.0;-1;3600.0;
120;mzn-gurobi-WS;-1.0;-1;3600.0;
120;opl-reprjob-WS;0.966764355;-1;3600.0;1412659.0
120;mzn-gurobi;-1.0;-1;3600.0;
120;mzn-gurobiWS-LB-UB;-1.0;-1;3600.0;
120;opl-reprjob-LB-WS-noUB;0.9633375611577965;-1;3600.0;64244222.0
120;opl-reprjob-LB-noUB;-1.0;-1;3600.0;64243559.0
120;mzn-gurobi-LB-noUB;-1.0;-1;3600.0;
120;mzn-gurobi-LB-UB;-1.0;-1;3600.0;
120;opl-reprjob;-1.0;-1;3600.0;
120;opl-reprjob-LB-WS-UB;0.9632434584500468;-1;3600.0;64244222.0
