;instance_number;solution_method;solutionCosts;optimal;total_time;int_objective_bound
0;1;mzn-gurobi;0.792571429;1.0;0.572435;24966.0
5;1;mzn-gurobi-WS;0.792571429;1.0;0.536786;24966.0
6;1;opl-reprjob-WS;0.792571429;1.0;0.44;24966.0
7;1;opl-reprjob;0.792571429;1.0;0.31;24966.0
9;2;opl-reprjob-WS;0.977936508;1.0;0.46;24644.0
13;2;mzn-gurobi;0.977936508;1.0;0.688148;24644.0
14;2;opl-reprjob;0.977936508;1.0;0.32;24644.0
15;2;mzn-gurobi-WS;0.977936508;1.0;0.771971;24644.0
18;3;mzn-gurobi-WS;0.225555556;1.0;1.199013;1421.0
19;3;mzn-gurobi;0.225555556;1.0;1.108841;1421.0
20;3;opl-reprjob;0.225555556;1.0;0.09;1421.0
23;3;opl-reprjob-WS;0.225555556;1.0;0.11;1421.0
26;4;mzn-gurobi;0.492380952;1.0;4.072088;3102.0
29;4;opl-reprjob-WS;0.492380952;1.0;0.77;3102.0
30;4;mzn-gurobi-WS;0.492380952;1.0;4.38113;3102.0
31;4;opl-reprjob;0.492380952;1.0;0.68;3102.0
36;5;opl-reprjob-WS;0.308648057;1.0;0.91;1184190.0
37;5;mzn-gurobi-WS;0.308648057;1.0;4.386372;1184190.0
38;5;mzn-gurobi;0.308648057;1.0;5.518763;1184190.0
39;5;opl-reprjob;0.308648057;1.0;0.85;1184190.0
43;6;mzn-gurobi-WS;0.976507937;1.0;1.582743;6152.0
45;6;mzn-gurobi;0.976507937;1.0;1.863896;6152.0
46;6;opl-reprjob-WS;0.976507937;1.0;3.88;6152.0
47;6;opl-reprjob;0.976507937;1.0;3.33;6152.0
49;7;opl-reprjob-WS;0.992867958;1.0;35.68;38556240.0
51;7;mzn-gurobi-WS;0.992867958;1.0;1.567067;38556240.0
52;7;mzn-gurobi;0.992867958;1.0;1.051983;38556240.0
53;7;opl-reprjob;0.992867958;1.0;34.95;38556240.0
58;8;mzn-gurobi;0.990427764;1.0;6.380292;12884970.0
59;8;mzn-gurobi-WS;0.990427764;1.0;1.455753;12884970.0
60;8;opl-reprjob-WS;0.990427764;1.0;3.86;12884970.0
62;8;opl-reprjob;0.990427764;1.0;0.15;12884970.0
65;9;mzn-gurobi-WS;0.802674772;1.0;0.693875;2495556.0
66;9;opl-reprjob;0.802674772;1.0;0.1;2495556.0
67;9;mzn-gurobi;0.802674772;1.0;0.794022;2495556.0
69;9;opl-reprjob-WS;0.802674772;1.0;0.07;2495556.0
72;10;mzn-gurobi;0.696533333;1.0;1.216667;1170176.0
73;10;opl-reprjob;0.696533333;1.0;0.84;1170176.0
74;10;opl-reprjob-WS;0.696533333;1.0;0.74;1170176.0
79;10;mzn-gurobi-WS;0.696533333;1.0;1.098568;1170176.0
84;11;opl-reprjob;0.97168254;1.0;2.27;15304.0
85;11;opl-reprjob-WS;0.97168254;1.0;2.11;15304.0
86;11;mzn-gurobi-WS;0.97168254;1.0;2.365856;15304.0
87;11;mzn-gurobi;0.97168254;1.0;2.898732;15304.0
91;12;opl-reprjob;0.600571429;1.0;1.55;9459.0
92;12;opl-reprjob-WS;0.600571429;1.0;1.25;9459.0
93;12;mzn-gurobi;0.600571429;1.0;1.6184;9459.0
94;12;mzn-gurobi-WS;0.600571429;1.0;2.77609;9459.0
96;13;opl-reprjob-WS;0.876413236;1.0;1.9;21717520.0
97;13;opl-reprjob;0.876413236;1.0;1.83;21717520.0
99;13;mzn-gurobi-WS;0.876413236;1.0;2.160786;21717520.0
102;13;mzn-gurobi;0.876413236;1.0;2.667722;21717520.0
105;14;mzn-gurobi-WS;0.875887125;1.0;2.387728;1986512.0
106;14;mzn-gurobi;0.875887125;1.0;2.288959;1986512.0
107;14;opl-reprjob-WS;0.875887125;1.0;6.74;1986512.0
109;14;opl-reprjob;0.875887125;1.0;6.66;1986512.0
112;15;opl-reprjob-WS;0.597142857;1.0;3.47;37620.0
117;15;mzn-gurobi-WS;0.597142857;1.0;1.877994;37620.0
118;15;mzn-gurobi;0.597142857;1.0;1.912054;37620.0
119;15;opl-reprjob;0.597142857;1.0;2.76;37620.0
120;16;mzn-gurobi;0.983417367;1.0;9.887558;16957164.0
122;16;opl-reprjob-WS;0.983417367;1.0;9.41;16957164.0
123;16;opl-reprjob;0.983417367;1.0;10.18;16957164.0
126;16;mzn-gurobi-WS;0.983417367;1.0;9.183127;16957164.0
131;17;opl-reprjob;0.136706349;1.0;2.24;6101095.0
132;17;opl-reprjob-WS;0.136706349;1.0;1.96;6101095.0
134;17;mzn-gurobi;0.136706349;1.0;5.119107;6101095.0
135;17;mzn-gurobi-WS;0.136706349;1.0;4.02092;6101095.0
139;18;opl-reprjob-WS;0.97965368;1.0;4.54;339450.0
140;18;mzn-gurobi;0.97965368;1.0;3.433722;339450.0
141;18;mzn-gurobi-WS;0.97965368;1.0;3.531677;339450.0
142;18;opl-reprjob;0.97965368;1.0;3.58;339450.0
146;19;mzn-gurobi-WS;0.230933333;1.0;4.276909;24248.0
147;19;opl-reprjob-WS;0.230933333;1.0;0.98;24248.0
148;19;mzn-gurobi;0.230933333;1.0;8.976865;24248.0
150;19;opl-reprjob;0.230933333;1.0;1.36;24248.0
152;20;opl-reprjob-WS;0.498593823;1.0;2.55;1770033.0
155;20;opl-reprjob;0.498593823;1.0;2.91;1770033.0
157;20;mzn-gurobi;0.498593823;1.0;2.930479;1770033.0
159;20;mzn-gurobi-WS;0.498593823;1.0;2.278076;1770033.0
161;21;mzn-gurobi-WS;0.593088435;1.0;856.719661;32694.0
162;21;opl-reprjob;0.593088435;1.0;42.36;32694.0
163;21;mzn-gurobi;0.593088435;1.0;265.406192;32694.0
166;21;opl-reprjob-WS;0.593088435;1.0;39.9;32694.0
168;22;opl-reprjob;0.923936508;-1.0;3600.0;3716.0
170;22;mzn-gurobi;0.923936508;1.0;16.07739;14552.0
174;22;mzn-gurobi-WS;0.923936508;1.0;33.914382;14552.0
175;22;opl-reprjob-WS;0.923936508;-1.0;3600.0;3716.0
176;23;opl-reprjob-WS;0.97311419;-1.0;3600.0;23073288.0
177;23;mzn-gurobi-WS;0.97311419;1.0;3418.024835;64156932.0
178;23;opl-reprjob;0.97311419;-1.0;3600.0;23073288.0
180;23;mzn-gurobi;0.97311419;-1.0;3600.0;64068410.84
184;24;mzn-gurobi;0.786380952;-1.0;3600.0;254768.0338
185;24;mzn-gurobi-WS;0.786380952;-1.0;3600.0;254775.6297
186;24;opl-reprjob;0.786380952;-1.0;3600.0;106460.0
187;24;opl-reprjob-WS;0.786380952;-1.0;3600.0;135428.0
194;25;opl-reprjob;0.666308123;-1.0;3600.0;450408.0
195;25;mzn-gurobi-WS;0.666308123;-1.0;3600.0;1657818.617
196;25;mzn-gurobi;0.666308123;-1.0;3600.0;1560158.573
198;25;opl-reprjob-WS;0.666308123;-1.0;3600.0;450408.0
202;26;opl-reprjob-WS;0.970285714;-1.0;3600.0;12252.0
203;26;mzn-gurobi-WS;0.970285714;1.0;3382.831847;30564.0
205;26;mzn-gurobi;0.970285714;-1.0;3600.0;30516.28297
206;26;opl-reprjob;0.971301587;-1.0;3600.0;13452.0
211;27;opl-reprjob;0.983245565;1.0;9.43;131632.0
212;27;mzn-gurobi;0.983245565;-1.0;3600.0;130949.5558
213;27;mzn-gurobi-WS;0.983245565;-1.0;3600.0;131476.6892
214;27;opl-reprjob-WS;0.983245565;1.0;8.0;131632.0
217;28;mzn-gurobi-WS;0.51924437;-1.0;3600.0;1089683.876
218;28;opl-reprjob-WS;0.51924437;1.0;47.5;1737846.0
219;28;mzn-gurobi;0.51924437;-1.0;3600.0;1096536.791
223;28;opl-reprjob;0.51924437;1.0;68.33;1737846.0
224;29;mzn-gurobi-WS;0.534538528;1.0;2109.526584;2160872.0
225;29;opl-reprjob;0.534538528;1.0;5.22;2160872.0
226;29;mzn-gurobi;0.534947186;-1.0;3600.0;2010480.467
227;29;opl-reprjob-WS;0.534538528;1.0;5.58;2160872.0
233;30;opl-reprjob;0.970615117;-1.0;3600.0;1438028.0
234;30;mzn-gurobi;0.970615117;1.0;671.427934;2993741.0
237;30;opl-reprjob-WS;0.970615117;-1.0;3600.0;1439275.0
238;30;mzn-gurobi-WS;0.970615117;1.0;2345.836681;2993741.0
240;31;mzn-gurobi-WS;0.597079365;1.0;2504.00538;23510.0
245;31;mzn-gurobi;0.597079365;1.0;2494.32186;23510.0
246;31;opl-reprjob;0.597079365;1.0;148.17;23510.0
247;31;opl-reprjob-WS;0.597079365;1.0;119.93;23510.0
250;32;mzn-gurobi-WS;0.338666667;-1.0;3600.0;4695.299366
252;32;opl-reprjob;0.338666667;1.0;49.83;5334.0
254;32;opl-reprjob-WS;0.338666667;1.0;49.61;5334.0
255;32;mzn-gurobi;0.338666667;-1.0;3600.0;4691.006531
256;33;mzn-gurobi;0.298673854;-1.0;3600.0;1221396.264
257;33;opl-reprjob-WS;0.298673854;-1.0;3600.0;198275.0
261;33;mzn-gurobi-WS;0.298673854;-1.0;3600.0;1204209.911
263;33;opl-reprjob;0.298673854;-1.0;3600.0;198275.0
265;34;mzn-gurobi-WS;0.939289735;-1.0;3600.0;2217573.63
266;34;mzn-gurobi;0.939289735;1.0;3547.08746;2219072.0
267;34;opl-reprjob;0.940022857;-1.0;3600.0;452312.0
270;34;opl-reprjob-WS;0.940068571;-1.0;3600.0;632312.0
275;35;opl-reprjob-WS;0.252798262;-1.0;3600.0;3902249.0
277;35;mzn-gurobi;0.251511805;1.0;1087.98378;12649126.0
278;35;mzn-gurobi-WS;0.251511805;1.0;744.02216;12649126.0
279;35;opl-reprjob;0.251511805;-1.0;3600.0;3902249.0
280;36;opl-reprjob-WS;0.965333333;-1.0;3600.0;7700.0
281;36;mzn-gurobi-WS;0.965333333;1.0;554.36068;17738.0
284;36;opl-reprjob;0.965333333;-1.0;3600.0;8400.0
286;36;mzn-gurobi;0.965333333;1.0;619.14343;17738.0
290;37;mzn-gurobi-WS;0.993798095;1.0;229.84261;5478312.0
291;37;mzn-gurobi;0.993798095;1.0;429.37656;5478312.0
292;37;opl-reprjob-WS;0.993798095;1.0;90.7;5478312.0
293;37;opl-reprjob;0.993798095;1.0;86.86;5478312.0
299;38;mzn-gurobi-WS;0.566197216;-1.0;3600.0;1649106.328
300;38;opl-reprjob-WS;0.566105788;-1.0;3600.0;1563156.0
301;38;mzn-gurobi;0.565968645;-1.0;3600.0;1649620.623
303;38;opl-reprjob;0.566090549;-1.0;3600.0;1430000.0
307;39;opl-reprjob;0.833846176;-1.0;3600.0;7387090.0
308;39;opl-reprjob-WS;0.833846176;-1.0;3600.0;7387090.0
309;39;mzn-gurobi-WS;0.833846176;1.0;718.01137;14446385.0
310;39;mzn-gurobi;0.833846176;1.0;503.38885;14446385.0
312;40;mzn-gurobi-WS;0.414802051;1.0;2853.69143;1415512.0
313;40;opl-reprjob-WS;0.414802051;1.0;50.63;1415512.0
314;40;opl-reprjob;0.414802051;1.0;29.22;1415512.0
318;40;mzn-gurobi;0.414802051;1.0;1611.54275;1415512.0
323;41;opl-reprjob-WS;0.961986395;-1.0;3600.0;5675.0
324;41;opl-reprjob;0.961986395;-1.0;3600.0;5675.0
325;41;mzn-gurobi;0.961986395;-1.0;3600.0;35189.23185
326;41;mzn-gurobi-WS;0.961986395;-1.0;3600.0;35200.48264
329;42;mzn-gurobi;0.975936508;-1.0;3600.0;30718.0
331;42;mzn-gurobi-WS;0.975936508;-1.0;3600.0;30716.0
332;42;opl-reprjob-WS;0.976190476;-1.0;3600.0;7368.0
334;42;opl-reprjob;0.976507937;-1.0;3600.0;7296.0
340;43;opl-reprjob-WS;0.965333333;-1.0;3600.0;5470.0
341;43;mzn-gurobi;0.965333333;1.0;2002.46989;30408.0
342;43;mzn-gurobi-WS;0.965333333;1.0;2942.43537;30408.0
343;43;opl-reprjob;0.965333333;-1.0;3600.0;5470.0
344;44;mzn-gurobi-WS;0.964865397;-1.0;3600.0;139409294.4
345;44;mzn-gurobi;0.964865397;-1.0;3600.0;139602015.1
348;44;opl-reprjob-WS;0.964865397;-1.0;3600.0;11119856.0
350;44;opl-reprjob;0.964865397;-1.0;3600.0;11119856.0
352;45;mzn-gurobi;0.977181856;-1.0;3600.0;135849278.0
353;45;mzn-gurobi-WS;0.977181856;-1.0;3600.0;135830017.8
354;45;opl-reprjob;0.977262413;-1.0;3600.0;10816365.0
356;45;opl-reprjob-WS;0.977179296;-1.0;3600.0;10816365.0
360;46;mzn-gurobi;0.859949206;-1.0;3600.0;53324.94299
364;46;opl-reprjob-WS;0.859301587;-1.0;3600.0;20228.0
365;46;mzn-gurobi-WS;0.897092063;-1.0;3600.0;51756.62589
367;46;opl-reprjob;0.859301587;-1.0;3600.0;20228.0
368;47;mzn-gurobi;0.974051027;-1.0;3600.0;130166485.2
370;47;opl-reprjob-WS;0.97515741;-1.0;3600.0;29217050.0
371;47;mzn-gurobi-WS;0.973700654;-1.0;3600.0;130239961.3
372;47;opl-reprjob;0.973608732;-1.0;3600.0;29217050.0
380;48;mzn-gurobi-WS;0.620901846;-1.0;3600.0;41763913.51
381;48;mzn-gurobi;0.639999378;-1.0;3600.0;41306317.15
382;48;opl-reprjob-WS;0.525665151;-1.0;3600.0;10462838.0
383;48;opl-reprjob;0.525357279;-1.0;3600.0;10462838.0
385;49;mzn-gurobi-WS;0.970460952;-1.0;3600.0;761525.1957
386;49;mzn-gurobi;0.970460952;-1.0;3600.0;760044.8236
387;49;opl-reprjob;0.970567619;-1.0;3600.0;106638.0
388;49;opl-reprjob-WS;0.970567619;-1.0;3600.0;106638.0
393;50;mzn-gurobi;0.725873016;-1.0;3600.0;1201262.042
395;50;mzn-gurobi-WS;0.725825397;-1.0;3600.0;1206440.25
397;50;opl-reprjob-WS;0.651380952;-1.0;3600.0;488752.0
398;50;opl-reprjob;0.651380952;-1.0;3600.0;491436.0
403;51;opl-reprjob-WS;0.970657596;-1.0;3600.0;21421.0
404;51;opl-reprjob;0.970657596;-1.0;3600.0;21421.0
405;51;mzn-gurobi-WS;0.970530612;-1.0;3600.0;106637.6901
407;51;mzn-gurobi;0.970530612;-1.0;3600.0;106694.2648
408;52;opl-reprjob-WS;0.916253968;-1.0;3600.0;7364.0
409;52;opl-reprjob;0.916126984;-1.0;3600.0;7364.0
414;52;mzn-gurobi-WS;0.914666667;-1.0;3600.0;28678.43245
415;52;mzn-gurobi;0.914920635;-1.0;3600.0;28704.16145
417;53;opl-reprjob-WS;0.892825397;-1.0;3600.0;4268.0
418;53;opl-reprjob;0.892825397;-1.0;3600.0;4268.0
421;53;mzn-gurobi-WS;0.892825397;-1.0;3600.0;26270.51264
422;53;mzn-gurobi;0.892825397;-1.0;3600.0;26219.63816
424;54;opl-reprjob;0.958730159;-1.0;3600.0;3036.0
428;54;mzn-gurobi;0.958730159;-1.0;3600.0;30144.0
430;54;opl-reprjob-WS;0.958730159;-1.0;3600.0;3036.0
431;54;mzn-gurobi-WS;0.958730159;-1.0;3600.0;30148.0
434;55;opl-reprjob;0.984723032;-1.0;3600.0;35712425.0
435;55;mzn-gurobi;0.984676385;-1.0;3600.0;139036445.2
436;55;opl-reprjob-WS;0.984723032;-1.0;3600.0;35712425.0
438;55;mzn-gurobi-WS;0.984676385;-1.0;3600.0;139047980.6
441;56;opl-reprjob;0.869396825;-1.0;3600.0;3600.0
443;56;mzn-gurobi-WS;0.869269841;-1.0;3600.0;18965.42101
444;56;mzn-gurobi;0.869079365;-1.0;3600.0;19546.81
447;56;opl-reprjob-WS;0.868888889;-1.0;3600.0;3600.0
449;57;mzn-gurobi;0.728533333;-1.0;3600.0;45160.91877
450;57;opl-reprjob;0.655961905;-1.0;3600.0;13841.0
451;57;mzn-gurobi-WS;0.76615873;-1.0;3600.0;45150.12588
452;57;opl-reprjob-WS;0.637777778;-1.0;3600.0;13841.0
458;58;mzn-gurobi-WS;0.884377489;-1.0;3600.0;1070981.314
460;58;mzn-gurobi;0.865570216;-1.0;3600.0;1072640.074
462;58;opl-reprjob;0.884354632;-1.0;3600.0;255569.0
463;58;opl-reprjob-WS;0.86633697;-1.0;3600.0;255569.0
464;59;opl-reprjob-WS;0.894920635;-1.0;3600.0;720000.0
465;59;mzn-gurobi-WS;0.894071429;-1.0;3600.0;5117174.217
466;59;mzn-gurobi;0.894285714;-1.0;3600.0;5128230.909
471;59;opl-reprjob;0.893960317;-1.0;3600.0;720000.0
473;60;opl-reprjob-WS;0.810501395;-1.0;3600.0;21063055.0
475;60;opl-reprjob;0.810665705;-1.0;3600.0;21063055.0
476;60;mzn-gurobi-WS;0.828975277;-1.0;3600.0;89509814.34
477;60;mzn-gurobi;0.809835498;-1.0;3600.0;89528716.61
480;61;opl-reprjob;0.961435374;-1.0;3600.0;30156.0
484;61;opl-reprjob-WS;0.961210884;-1.0;3600.0;30156.0
485;61;mzn-gurobi;0.962666667;-1.0;3600.0;420899.6693
487;61;mzn-gurobi-WS;0.960653061;-1.0;3600.0;420848.1896
491;62;mzn-gurobi-WS;0.973820036;-1.0;3600.0;217855323.2
492;62;opl-reprjob-WS;0.973928482;-1.0;3600.0;11381811.0
493;62;opl-reprjob;0.974239173;-1.0;3600.0;11381811.0
494;62;mzn-gurobi;-1.0;-1.0;3600.0;202116188.2
500;63;mzn-gurobi-WS;0.885118807;-1.0;3600.0;243995.4247
501;63;opl-reprjob;0.875888408;-1.0;3600.0;3456576.0
502;63;mzn-gurobi;-1.0;-1.0;3600.0;79367668.93
503;63;opl-reprjob-WS;0.857693891;-1.0;3600.0;3456576.0
504;64;opl-reprjob-WS;0.969632035;-1.0;3600.0;218312.0
506;64;mzn-gurobi;-1.0;-1.0;3600.0;5324364.854
508;64;mzn-gurobi-WS;0.970953824;-1.0;3600.0;5322201.765
509;64;opl-reprjob;0.970458153;-1.0;3600.0;218312.0
513;65;mzn-gurobi;-1.0;-1.0;3600.0;139305819.8
514;65;mzn-gurobi-WS;0.847330094;-1.0;3600.0;139314683.3
515;65;opl-reprjob-WS;0.736341432;-1.0;3600.0;14321088.0
516;65;opl-reprjob;0.68775332;-1.0;3600.0;14321088.0
522;66;mzn-gurobi-WS;0.984571429;-1.0;3600.0;61386.65636
523;66;mzn-gurobi;-1.0;-1.0;3600.0;61386.0
524;66;opl-reprjob-WS;0.984253968;-1.0;3600.0;28632.0
525;66;opl-reprjob;0.984253968;-1.0;3600.0;28056.0
529;67;opl-reprjob-WS;0.722698413;-1.0;3600.0;3248.0
531;67;opl-reprjob;0.731111111;-1.0;3600.0;3248.0
532;67;mzn-gurobi;-1.0;-1.0;3600.0;21120.73614
533;67;mzn-gurobi-WS;0.914412698;-1.0;3600.0;21113.54094
537;68;opl-reprjob;0.98324422;-1.0;3600.0;66913049.0
538;68;opl-reprjob-WS;0.983411317;-1.0;3600.0;66913049.0
539;68;mzn-gurobi-WS;0.98445916;-1.0;3600.0;299908872.6
541;68;mzn-gurobi;-1.0;-1.0;3600.0;300282904.0
544;69;mzn-gurobi;-1.0;-1.0;3600.0;96141469.91
547;69;opl-reprjob-WS;0.866458022;-1.0;3600.0;16145448.0
549;69;opl-reprjob;0.877852601;-1.0;3600.0;16145448.0
551;69;mzn-gurobi-WS;0.922881172;-1.0;3600.0;96900084.97
555;70;opl-reprjob;0.830455385;-1.0;3600.0;6447456.0
557;70;mzn-gurobi;0.921284689;-1.0;3600.0;58065936.0
558;70;mzn-gurobi-WS;0.867945201;-1.0;3600.0;58118461.63
559;70;opl-reprjob-WS;0.801624322;-1.0;3600.0;6447456.0
564;71;opl-reprjob;0.965047619;-1.0;3600.0;3144.0
565;71;opl-reprjob-WS;0.963714286;-1.0;3600.0;3144.0
566;71;mzn-gurobi-WS;0.964634921;-1.0;3600.0;60203.17932
567;71;mzn-gurobi;-1.0;-1.0;3600.0;59602.08958
568;72;opl-reprjob-WS;0.961873016;-1.0;3600.0;3600.0
569;72;mzn-gurobi-WS;0.965365079;-1.0;3600.0;132.0011956
570;72;mzn-gurobi;-1.0;-1.0;3600.0;132.0011956
572;72;opl-reprjob;0.962730159;-1.0;3600.0;3600.0
577;73;opl-reprjob-WS;0.545873016;-1.0;3600.0;3846.0
580;73;mzn-gurobi-WS;0.926380952;-1.0;3600.0;8.0
582;73;opl-reprjob;0.564825397;-1.0;3600.0;3846.0
583;73;mzn-gurobi;-1.0;-1.0;3600.0;8.0
584;74;mzn-gurobi;-1.0;-1.0;3600.0;5895938.079
585;74;opl-reprjob;0.97768254;-1.0;3600.0;662400.0
586;74;mzn-gurobi-WS;0.978571429;-1.0;3600.0;204618.3322
588;74;opl-reprjob-WS;0.977555556;-1.0;3600.0;662400.0
592;75;opl-reprjob-WS;0.940555369;-1.0;3600.0;2142000.0
595;75;mzn-gurobi-WS;0.94053296;1.0;3239.9038;70511756.0
596;75;opl-reprjob;0.94053296;-1.0;3600.0;2142000.0
599;75;mzn-gurobi;0.94053296;-1.0;3600.0;70380700.91
600;76;opl-reprjob-WS;0.973746032;-1.0;3600.0;7358.0
601;76;mzn-gurobi;0.97384127;-1.0;3600.0;60408.21356
602;76;opl-reprjob;0.973746032;-1.0;3600.0;7358.0
603;76;mzn-gurobi-WS;0.974222222;-1.0;3600.0;60430.09378
608;77;opl-reprjob-WS;0.932698413;-1.0;3600.0;3600.0
609;77;mzn-gurobi;-1.0;-1.0;3600.0;156.0014452
610;77;mzn-gurobi-WS;0.924285714;-1.0;3600.0;156.0011259
613;77;opl-reprjob;0.932571429;-1.0;3600.0;3600.0
618;78;opl-reprjob-WS;0.448984127;-1.0;3600.0;1200.0
619;78;mzn-gurobi-WS;0.771333333;-1.0;3600.0;1928.031015
620;78;opl-reprjob;0.411777778;-1.0;3600.0;1200.0
621;78;mzn-gurobi;-1.0;-1.0;3600.0;1928.031015
625;79;opl-reprjob-WS;0.976908999;-1.0;3600.0;1225000.0
626;79;mzn-gurobi;-1.0;-1.0;3600.0;2001879.017
627;79;opl-reprjob;0.977972867;-1.0;3600.0;1225000.0
631;79;mzn-gurobi-WS;0.978268144;-1.0;3600.0;5335230.996
632;80;opl-reprjob-WS;0.568549916;-1.0;3600.0;9071338.0
633;80;opl-reprjob;0.548582857;-1.0;3600.0;9071338.0
634;80;mzn-gurobi;-1.0;-1.0;3600.0;30432792.06
635;80;mzn-gurobi-WS;0.861416545;-1.0;3600.0;105390967.4
644;81;mzn-gurobi-WS;0.93607619;-1.0;3600.0;39608.0
645;81;opl-reprjob;0.672952381;-1.0;3600.0;
646;81;mzn-gurobi;-1.0;-1.0;3600.0;
647;81;opl-reprjob-WS;0.623809524;-1.0;3600.0;1844.0
651;82;mzn-gurobi;-1.0;-1.0;3600.0;
652;82;mzn-gurobi-WS;0.936901587;-1.0;3600.0;136220.0
654;82;opl-reprjob;0.92208254;-1.0;3600.0;
655;82;opl-reprjob-WS;0.914349206;-1.0;3600.0;3112.0
657;83;mzn-gurobi-WS;-1.0;-1.0;3600.0;
659;83;opl-reprjob;0.85304127;-1.0;3600.0;
661;83;mzn-gurobi;-1.0;-1.0;3600.0;
662;83;opl-reprjob-WS;0.860126984;-1.0;3600.0;1218.0
665;84;opl-reprjob-WS;0.979809329;-1.0;3600.0;10923146.0
666;84;mzn-gurobi;-1.0;-1.0;3600.0;
667;84;opl-reprjob;0.980160695;-1.0;3600.0;
668;84;mzn-gurobi-WS;-1.0;-1.0;3600.0;
672;85;mzn-gurobi;-1.0;-1.0;3600.0;
673;85;opl-reprjob-WS;0.872507937;-1.0;3600.0;1244.0
678;85;opl-reprjob;0.951644444;-1.0;3600.0;
679;85;mzn-gurobi-WS;-1.0;-1.0;3600.0;
680;86;opl-reprjob;-1.0;-1.0;3600.0;
681;86;mzn-gurobi;-1.0;-1.0;3600.0;
686;86;mzn-gurobi-WS;-1.0;-1.0;3600.0;
687;86;opl-reprjob-WS;0.977307937;-1.0;3600.0;9986.0
689;87;opl-reprjob;0.912050794;-1.0;3600.0;
692;87;opl-reprjob-WS;0.889295238;-1.0;3600.0;4344.0
693;87;mzn-gurobi-WS;-1.0;-1.0;3600.0;
695;87;mzn-gurobi;-1.0;-1.0;3600.0;
696;88;opl-reprjob-WS;0.870016542;-1.0;3600.0;21336075.0
701;88;mzn-gurobi-WS;-1.0;-1.0;3600.0;
702;88;opl-reprjob;0.973164078;-1.0;3600.0;
703;88;mzn-gurobi;-1.0;-1.0;3600.0;
704;89;mzn-gurobi;-1.0;-1.0;3600.0;
705;89;opl-reprjob;0.958933333;-1.0;3600.0;
707;89;opl-reprjob-WS;0.95888254;-1.0;3600.0;6644.0
708;89;mzn-gurobi-WS;-1.0;-1.0;3600.0;
712;90;opl-reprjob-WS;0.972599694;-1.0;3600.0;4212252.0
713;90;mzn-gurobi-WS;-1.0;-1.0;3600.0;
714;90;opl-reprjob;-1.0;-1.0;3600.0;
716;90;mzn-gurobi;-1.0;-1.0;3600.0;
720;91;mzn-gurobi;-1.0;-1.0;3600.0;
721;91;opl-reprjob;0.963263492;-1.0;3600.0;
722;91;mzn-gurobi-WS;0.961511111;-1.0;3600.0;8.0
723;91;opl-reprjob-WS;0.963149206;-1.0;3600.0;1800.0
729;92;opl-reprjob-WS;0.892623284;-1.0;3600.0;3229200.0
730;92;mzn-gurobi-WS;0.900862048;-1.0;3600.0;1656.0
732;92;mzn-gurobi;-1.0;-1.0;3600.0;
735;92;opl-reprjob;0.926822488;-1.0;3600.0;
738;93;opl-reprjob-WS;0.825942857;-1.0;3600.0;1200.0
740;93;opl-reprjob;0.856203175;-1.0;3600.0;
741;93;mzn-gurobi;-1.0;-1.0;3600.0;
743;93;mzn-gurobi-WS;0.867555556;-1.0;3600.0;8.0
744;94;opl-reprjob;0.810016435;-1.0;3600.0;
745;94;opl-reprjob-WS;0.559395701;-1.0;3600.0;1155000.0
746;94;mzn-gurobi;-1.0;-1.0;3600.0;
747;94;mzn-gurobi-WS;0.816750585;-1.0;3600.0;616.0
756;95;mzn-gurobi;-1.0;-1.0;3600.0;
757;95;opl-reprjob;0.972953237;-1.0;3600.0;
758;95;mzn-gurobi-WS;-1.0;-1.0;3600.0;
759;95;opl-reprjob-WS;0.972279707;-1.0;3600.0;25632125.0
760;96;mzn-gurobi-WS;-1.0;-1.0;3600.0;
763;96;mzn-gurobi;-1.0;-1.0;3600.0;
764;96;opl-reprjob;0.977333333;-1.0;3600.0;
766;96;opl-reprjob-WS;0.976419048;-1.0;3600.0;3600.0
769;97;opl-reprjob;0.83815873;-1.0;3600.0;
770;97;mzn-gurobi;-1.0;-1.0;3600.0;
772;97;opl-reprjob-WS;0.509485714;-1.0;3600.0;3000.0
774;97;mzn-gurobi-WS;-1.0;-1.0;3600.0;
778;98;mzn-gurobi;-1.0;-1.0;3600.0;
779;98;opl-reprjob-WS;0.966285011;-1.0;3600.0;4680000.0
780;98;opl-reprjob;0.98709896;-1.0;3600.0;
781;98;mzn-gurobi-WS;-1.0;-1.0;3600.0;
786;99;opl-reprjob-WS;0.982201905;-1.0;3600.0;1651538.0
787;99;mzn-gurobi;-1.0;-1.0;3600.0;
788;99;mzn-gurobi-WS;-1.0;-1.0;3600.0;
790;99;opl-reprjob;-1.0;-1.0;3600.0;
795;100;mzn-gurobi-WS;-1.0;-1.0;3600.0;
797;100;opl-reprjob-WS;0.899073016;-1.0;3600.0;2400.0
798;100;mzn-gurobi;-1.0;-1.0;3600.0;
799;100;opl-reprjob;-1.0;-1.0;3600.0;
803;101;opl-reprjob;0.827269841;-1.0;3600.0;
804;101;mzn-gurobi;-1.0;-1.0;3600.0;
805;101;opl-reprjob-WS;0.828215873;-1.0;3600.0;1800.0
806;101;mzn-gurobi-WS;0.88064127;-1.0;3600.0;8.0
809;102;mzn-gurobi;-1.0;-1.0;3600.0;
810;102;opl-reprjob;0.959404082;-1.0;3600.0;
812;102;opl-reprjob-WS;0.959336458;-1.0;3600.0;4686560.0
815;102;mzn-gurobi-WS;-1.0;-1.0;3600.0;
819;103;opl-reprjob-WS;0.972970487;-1.0;3600.0;1354644.0
820;103;opl-reprjob;0.959134566;-1.0;3600.0;
821;103;mzn-gurobi;-1.0;-1.0;3600.0;
822;103;mzn-gurobi-WS;-1.0;-1.0;3600.0;
827;104;opl-reprjob-WS;0.60568254;-1.0;3600.0;2552.0
828;104;opl-reprjob;0.581492063;-1.0;3600.0;
829;104;mzn-gurobi-WS;0.89632381;-1.0;3600.0;8.0
830;104;mzn-gurobi;-1.0;-1.0;3600.0;
834;105;opl-reprjob-WS;0.97907619;-1.0;3600.0;1800.0
835;105;mzn-gurobi;-1.0;-1.0;3600.0;
836;105;mzn-gurobi-WS;-1.0;-1.0;3600.0;
839;105;opl-reprjob;0.980095238;-1.0;3600.0;
840;106;mzn-gurobi;-1.0;-1.0;3600.0;
842;106;opl-reprjob;0.969466667;-1.0;3600.0;
843;106;opl-reprjob-WS;0.967803175;-1.0;3600.0;8072.0
844;106;mzn-gurobi-WS;-1.0;-1.0;3600.0;
848;107;mzn-gurobi;-1.0;-1.0;3600.0;
852;107;opl-reprjob-WS;0.985002667;-1.0;3600.0;60620.0
854;107;mzn-gurobi-WS;-1.0;-1.0;3600.0;
855;107;opl-reprjob;0.985884952;-1.0;3600.0;
857;108;mzn-gurobi;-1.0;-1.0;3600.0;
859;108;opl-reprjob-WS;0.969942857;-1.0;3600.0;2518.0
860;108;mzn-gurobi-WS;-1.0;-1.0;3600.0;
863;108;opl-reprjob;-1.0;-1.0;3600.0;
864;109;opl-reprjob-WS;0.854425397;-1.0;3600.0;1312.0
865;109;opl-reprjob;0.869504762;-1.0;3600.0;
867;109;mzn-gurobi;-1.0;-1.0;3600.0;
868;109;mzn-gurobi-WS;-1.0;-1.0;3600.0;
873;110;opl-reprjob-WS;0.980804341;-1.0;3600.0;2342456.0
875;110;opl-reprjob;0.977431677;-1.0;3600.0;
876;110;mzn-gurobi-WS;-1.0;-1.0;3600.0;
877;110;mzn-gurobi;-1.0;-1.0;3600.0;
880;111;opl-reprjob;0.981996639;-1.0;3600.0;
881;111;mzn-gurobi;-1.0;-1.0;3600.0;
885;111;opl-reprjob-WS;0.981967507;-1.0;3600.0;4641000.0
887;111;mzn-gurobi-WS;-1.0;-1.0;3600.0;
889;112;mzn-gurobi;-1.0;-1.0;3600.0;
890;112;opl-reprjob;0.523828571;-1.0;3600.0;
891;112;mzn-gurobi-WS;0.866025397;-1.0;3600.0;-1e+100
892;112;opl-reprjob-WS;0.662780952;-1.0;3600.0;600.0
896;113;opl-reprjob-WS;0.966711111;-1.0;3600.0;1800.0
897;113;mzn-gurobi;-1.0;-1.0;3600.0;
898;113;opl-reprjob;0.984730159;-1.0;3600.0;
903;113;mzn-gurobi-WS;-1.0;-1.0;3600.0;
906;114;mzn-gurobi-WS;-1.0;-1.0;3600.0;
907;114;opl-reprjob;0.592393651;-1.0;3600.0;
908;114;opl-reprjob-WS;0.396467302;-1.0;3600.0;127500.0
911;114;mzn-gurobi;-1.0;-1.0;3600.0;
916;115;opl-reprjob-WS;0.977244444;-1.0;3600.0;1800.0
917;115;mzn-gurobi-WS;-1.0;-1.0;3600.0;
918;115;mzn-gurobi;-1.0;-1.0;3600.0;
919;115;opl-reprjob;0.978857143;-1.0;3600.0;
921;116;mzn-gurobi;-1.0;-1.0;3600.0;
925;116;opl-reprjob;0.849733333;-1.0;3600.0;
926;116;mzn-gurobi-WS;-1.0;-1.0;3600.0;
927;116;opl-reprjob-WS;0.850577778;-1.0;3600.0;4272.0
931;117;opl-reprjob-WS;0.981193651;-1.0;3600.0;5552.0
933;117;mzn-gurobi;-1.0;-1.0;3600.0;
934;117;opl-reprjob;0.947771429;-1.0;3600.0;
935;117;mzn-gurobi-WS;-1.0;-1.0;3600.0;
938;118;opl-reprjob;0.964939683;-1.0;3600.0;
939;118;mzn-gurobi;-1.0;-1.0;3600.0;
940;118;opl-reprjob-WS;0.967784127;-1.0;3600.0;4236.0
941;118;mzn-gurobi-WS;-1.0;-1.0;3600.0;
946;119;mzn-gurobi;-1.0;-1.0;3600.0;
949;119;opl-reprjob-WS;0.91991746;-1.0;3600.0;9158.0
950;119;mzn-gurobi-WS;-1.0;-1.0;3600.0;
951;119;opl-reprjob;0.926971429;-1.0;3600.0;
952;120;opl-reprjob-WS;0.966764355;-1.0;3600.0;1412659.0
953;120;mzn-gurobi-WS;-1.0;-1.0;3600.0;
954;120;opl-reprjob;-1.0;-1.0;3600.0;
959;120;mzn-gurobi;-1.0;-1.0;3600.0;
4;1;opl-reprjob-LB-noUB;0.7925714285714286;1.0;0.36;24966.0
22;3;opl-reprjob-LB-noUB;0.2255555555555555;1.0;0.09;1421.0
32;5;opl-reprjob-LB-noUB;0.308648056923919;1.0;1.31;1184190.0
40;6;opl-reprjob-LB-noUB;0.9765079365079364;1.0;2.5;6152.0
68;9;opl-reprjob-LB-noUB;0.8026747720364742;1.0;0.06;2495556.0
76;10;opl-reprjob-LB-noUB;0.6965333333333333;1.0;0.83;1170176.0
83;11;opl-reprjob-LB-noUB;0.9716825396825396;1.0;0.7;15304.0
95;12;opl-reprjob-LB-noUB;0.6005714285714285;1.0;1.24;9459.0
98;13;opl-reprjob-LB-noUB;0.8764132364810331;1.0;2.15;21717520.0
110;14;opl-reprjob-LB-noUB;0.8758871252204585;1.0;3.9;1986512.0
115;15;opl-reprjob-LB-noUB;0.5971428571428572;1.0;3.74;37620.0
124;16;opl-reprjob-LB-noUB;0.9834173669467788;1.0;0.25;16957164.0
133;17;opl-reprjob-LB-noUB;0.1367063492063492;1.0;1.99;6101095.0
137;18;opl-reprjob-LB-noUB;0.9796536796536796;1.0;0.13;339450.0
151;19;opl-reprjob-LB-noUB;0.2309333333333333;1.0;1.68;24248.0
156;20;opl-reprjob-LB-noUB;0.4985938226222166;1.0;2.83;1770033.0
183;23;opl-reprjob-LB-noUB;0.9731141901576684;-1.0;3600.0;63994812.0
188;24;opl-reprjob-LB-noUB;0.7863809523809524;-1.0;3600.0;252912.0
200;26;opl-reprjob-LB-noUB;0.9702857142857144;1.0;39.2;30564.0
216;28;opl-reprjob-LB-noUB;0.5192443697478991;1.0;18.24;1737846.0
230;29;opl-reprjob-LB-noUB;0.5345385281385281;1.0;5.81;2160872.0
248;32;opl-reprjob-LB-noUB;0.3386666666666666;1.0;41.5;5334.0
262;33;opl-reprjob-LB-noUB;0.2986738544474394;-1.0;3600.0;454825.0
264;34;opl-reprjob-LB-noUB;0.9392897354497356;-1.0;3600.0;2075270.0
287;36;opl-reprjob-LB-noUB;0.9653333333333334;1.0;52.93;17738.0
294;37;opl-reprjob-LB-noUB;0.9937980952380951;1.0;37.56;5478312.0
298;38;opl-reprjob-LB-noUB;0.5661057875457876;-1.0;3600.0;1633999.0
311;39;opl-reprjob-LB-noUB;0.8338461760461761;-1.0;3600.0;14171396.0
327;41;opl-reprjob-LB-noUB;0.9619863945578232;-1.0;3600.0;35130.0
337;43;opl-reprjob-LB-noUB;0.9653333333333334;1.0;133.51;30408.0
351;44;opl-reprjob-LB-noUB;0.9648653968253968;-1.0;3600.0;138309856.0
355;45;opl-reprjob-LB-noUB;0.9772624129493694;-1.0;3600.0;135987936.0
366;46;opl-reprjob-LB-noUB;0.8594539682539682;-1.0;3600.0;50175.0
375;47;opl-reprjob-LB-noUB;0.9750839089988026;-1.0;3600.0;131461825.0
377;48;opl-reprjob-LB-noUB;0.5256648396501458;-1.0;3600.0;41795715.0
412;52;opl-reprjob-LB-noUB;0.9147301587301588;-1.0;3600.0;28368.0
427;54;opl-reprjob-LB-noUB;0.9587301587301588;1.0;1221.5;30200.0
448;57;opl-reprjob-LB-noUB;0.6557460317460317;-1.0;3600.0;42276.0
461;58;opl-reprjob-LB-noUB;0.8849787012987013;-1.0;3600.0;896129.0
479;60;opl-reprjob-LB-noUB;0.8107176527176527;-1.0;3600.0;87409688.0
482;61;opl-reprjob-LB-noUB;0.9607346938775512;-1.0;3600.0;422796.0
488;62;opl-reprjob-LB-noUB;0.9739165318957772;-1.0;3600.0;226868271.0
575;72;opl-reprjob-LB-noUB;0.961873015873016;-1.0;3600.0;60472.0
589;74;opl-reprjob-LB-noUB;0.9774603174603176;-1.0;3600.0;11280580.0
616;78;opl-reprjob-LB-noUB;0.4218730158730159;-1.0;3600.0;21104.0
643;81;opl-reprjob-LB-noUB;0.6478984126984128;-1.0;3600.0;43260.0
648;82;opl-reprjob-LB-noUB;0.9104;-1.0;3600.0;136912.0
677;85;opl-reprjob-LB-noUB;0.9590095238095238;-1.0;3600.0;36664.0
688;87;opl-reprjob-LB-noUB;0.9041015873015872;-1.0;3600.0;100944.0
698;88;opl-reprjob-LB-noUB;0.9731640784747168;-1.0;3600.0;429787646.0
711;89;opl-reprjob-LB-noUB;0.9588063492063492;-1.0;3600.0;150260.0
719;90;opl-reprjob-LB-noUB;-1.0;-1.0;3600.0;129124240.0
724;91;opl-reprjob-LB-noUB;0.9649777777777778;-1.0;3600.0;151078.0
728;92;opl-reprjob-LB-noUB;0.907459022137283;-1.0;3600.0;242289118.0
742;93;opl-reprjob-LB-noUB;0.8589968253968254;-1.0;3600.0;115852.0
773;97;opl-reprjob-LB-noUB;0.4950730158730159;-1.0;3600.0;53136.0
776;98;opl-reprjob-LB-noUB;0.964902564102564;-1.0;3600.0;196470288.0
796;100;opl-reprjob-LB-noUB;-1.0;-1.0;3600.0;86588.0
801;101;opl-reprjob-LB-noUB;0.8443619047619048;-1.0;3600.0;207656.0
811;102;opl-reprjob-LB-noUB;0.959522297808012;-1.0;3600.0;322782162.0
817;103;opl-reprjob-LB-noUB;0.9456676302521008;-1.0;3600.0;62083546.0
832;105;opl-reprjob-LB-noUB;0.9784539682539682;-1.0;3600.0;306591.0
861;108;opl-reprjob-LB-noUB;-1.0;-1.0;3600.0;136398.0
870;109;opl-reprjob-LB-noUB;0.8802539682539683;-1.0;3600.0;57160.0
883;111;opl-reprjob-LB-noUB;0.9840873949579833;-1.0;3600.0;237830593.0
894;112;opl-reprjob-LB-noUB;0.6792;-1.0;3600.0;107202.0
899;113;opl-reprjob-LB-noUB;0.9704380952380952;-1.0;3600.0;302022.0
904;114;opl-reprjob-LB-noUB;0.5399641456582633;-1.0;3600.0;17606335.0
914;115;opl-reprjob-LB-noUB;0.975631746031746;-1.0;3600.0;300060.0
936;118;opl-reprjob-LB-noUB;0.9647873015873016;-1.0;3600.0;300140.0
955;120;opl-reprjob-LB-noUB;-1.0;-1.0;3600.0;64243559.0
0;104;opl-reprjob-LB-noUB;0.5681777777777778;-1.0;3600.1;122098.0
1;106;opl-reprjob-LB-noUB;0.9676380952380952;-1.0;3600.09;302132.0
2;107;opl-reprjob-LB-noUB;0.983703619047619;-1.0;3600.09;5028720.0
3;110;opl-reprjob-LB-noUB;0.9774043198562444;-1.0;3600.07;67649286.0
4;116;opl-reprjob-LB-noUB;0.8581079365079365;-1.0;3600.09;190948.0
5;117;opl-reprjob-LB-noUB;0.9415936507936508;-1.0;3601.15;254712.0
6;119;opl-reprjob-LB-noUB;0.8878031746031746;-1.0;3600.09;244518.0
7;2;opl-reprjob-LB-noUB;0.977936507936508;1.0;0.15;24644.0
8;21;opl-reprjob-LB-noUB;0.5930884353741497;1.0;12.81;32694.0
9;22;opl-reprjob-LB-noUB;0.923936507936508;-1.0;3600.0;11516.0
10;25;opl-reprjob-LB-noUB;0.6663081232492997;-1.0;3600.07;1093007.0
11;27;opl-reprjob-LB-noUB;0.9832455648926236;1.0;1.76;131632.0
12;30;opl-reprjob-LB-noUB;0.970615116514691;1.0;0.25;2993741.0
13;31;opl-reprjob-LB-noUB;0.5970793650793651;1.0;150.59;23510.0
14;35;opl-reprjob-LB-noUB;0.2515118047218888;1.0;3135.67;12649126.0
15;4;opl-reprjob-LB-noUB;0.4923809523809523;1.0;0.26;3102.0
16;40;opl-reprjob-LB-noUB;0.4148020512820513;1.0;56.31;1415512.0
17;42;opl-reprjob-LB-noUB;0.976063492063492;-1.0;3600.04;30674.0
18;49;opl-reprjob-LB-noUB;0.97056;-1.0;3600.0;754752.0
19;50;opl-reprjob-LB-noUB;0.6513809523809524;-1.0;3600.05;1121735.0
20;51;opl-reprjob-LB-noUB;0.970530612244898;-1.0;3600.06;106020.0
21;53;opl-reprjob-LB-noUB;0.8929523809523809;-1.0;3600.05;22820.0
22;55;opl-reprjob-LB-noUB;0.9848318756073858;-1.0;3600.01;138575400.0
23;56;opl-reprjob-LB-noUB;0.8688888888888889;-1.0;3600.05;15732.0
24;59;opl-reprjob-LB-noUB;0.895547619047619;-1.0;3600.0;5063195.0
25;63;opl-reprjob-LB-noUB;0.8846847522847523;-1.0;3600.0;79198841.0
26;64;opl-reprjob-LB-noUB;0.9688210678210678;-1.0;3600.0;5331768.0
27;65;opl-reprjob-LB-noUB;0.6684656624554584;-1.0;3600.0;133332155.0
28;66;opl-reprjob-LB-noUB;0.9842539682539684;-1.0;3600.04;61696.0
29;67;opl-reprjob-LB-noUB;0.7316825396825397;-1.0;3600.0;20648.0
30;68;opl-reprjob-LB-noUB;0.9831308309990664;-1.0;3600.0;301402879.0
31;69;opl-reprjob-LB-noUB;0.8671255677655678;-1.0;3600.0;76120172.0
32;7;opl-reprjob-LB-noUB;0.9928679583449214;1.0;20.19;38556240.0
33;70;opl-reprjob-LB-noUB;0.8016741391941392;-1.0;3600.0;56367400.0
34;71;opl-reprjob-LB-noUB;0.9635873015873015;-1.0;3600.0;60364.0
35;73;opl-reprjob-LB-noUB;0.5560952380952381;-1.0;3600.1;29544.0
36;75;opl-reprjob-LB-noUB;0.9405329598506068;-1.0;3600.0;70015610.0
37;76;opl-reprjob-LB-noUB;0.9736825396825396;-1.0;3600.05;60628.0
38;77;opl-reprjob-LB-noUB;0.9326031746031748;-1.0;3600.0;49324.0
39;79;opl-reprjob-LB-noUB;0.9768327308066084;-1.0;3600.0;12433370.0
40;8;opl-reprjob-LB-noUB;0.9904277643260694;1.0;0.04;12884970.0
41;80;opl-reprjob-LB-noUB;0.539699421101774;-1.0;3600.0;106356632.0
42;83;opl-reprjob-LB-noUB;0.8526603174603175;-1.0;3600.04;42646.0
43;84;opl-reprjob-LB-noUB;0.9794479925303454;-1.0;3600.03;389911067.0
44;86;opl-reprjob-LB-noUB;-1.0;-1.0;3600.03;153026.0
45;94;opl-reprjob-LB-noUB;0.8287651700680272;-1.0;3600.04;29356067.0
46;95;opl-reprjob-LB-noUB;0.9687515338210756;-1.0;3600.03;674306751.0
47;96;opl-reprjob-LB-noUB;0.9770285714285716;-1.0;3600.04;153198.0
48;99;opl-reprjob-LB-noUB;-1.0;-1.0;3600.03;29391286.0
1;1;opl-reprjob-LB-WS-noUB;0.7925714285714286;1.0;0.42;24966.0
17;3;opl-reprjob-LB-WS-noUB;0.2255555555555555;1.0;0.09;1421.0
35;5;opl-reprjob-LB-WS-noUB;0.308648056923919;1.0;0.88;1184190.0
42;6;opl-reprjob-LB-WS-noUB;0.9765079365079364;1.0;2.67;6152.0
71;9;opl-reprjob-LB-WS-noUB;0.8026747720364742;1.0;0.12;2495556.0
75;10;opl-reprjob-LB-WS-noUB;0.6965333333333333;1.0;0.81;1170176.0
80;11;opl-reprjob-LB-WS-noUB;0.9716825396825396;1.0;1.54;15304.0
89;12;opl-reprjob-LB-WS-noUB;0.6005714285714285;1.0;1.7;9459.0
103;13;opl-reprjob-LB-WS-noUB;0.8764132364810331;1.0;2.16;21717520.0
108;14;opl-reprjob-LB-WS-noUB;0.8758871252204585;1.0;4.27;1986512.0
113;15;opl-reprjob-LB-WS-noUB;0.5971428571428572;1.0;4.65;37620.0
125;16;opl-reprjob-LB-WS-noUB;0.9834173669467788;1.0;0.24;16957164.0
130;17;opl-reprjob-LB-WS-noUB;0.1367063492063492;1.0;1.86;6101095.0
143;18;opl-reprjob-LB-WS-noUB;0.9796536796536796;1.0;0.15;339450.0
144;19;opl-reprjob-LB-WS-noUB;0.2309333333333333;1.0;1.25;24248.0
153;20;opl-reprjob-LB-WS-noUB;0.4985938226222166;1.0;2.52;1770033.0
179;23;opl-reprjob-LB-WS-noUB;0.9731141901576684;-1.0;3600.0;63994812.0
190;24;opl-reprjob-LB-WS-noUB;0.7863809523809524;-1.0;3600.0;252912.0
201;26;opl-reprjob-LB-WS-noUB;0.9702857142857144;1.0;137.08;30564.0
221;28;opl-reprjob-LB-WS-noUB;0.5192443697478991;1.0;61.97;1737846.0
228;29;opl-reprjob-LB-WS-noUB;0.5345385281385281;1.0;4.39;2160872.0
251;32;opl-reprjob-LB-WS-noUB;0.3386666666666666;1.0;70.81;5334.0
260;33;opl-reprjob-LB-WS-noUB;0.2986738544474394;-1.0;3600.0;269325.0
268;34;opl-reprjob-LB-WS-noUB;0.9392897354497356;-1.0;3600.0;2075270.0
285;36;opl-reprjob-LB-WS-noUB;0.9653333333333334;1.0;51.75;17738.0
288;37;opl-reprjob-LB-WS-noUB;0.9937980952380951;1.0;36.38;5478312.0
297;38;opl-reprjob-LB-WS-noUB;0.5660905494505495;-1.0;3600.0;1633999.0
305;39;opl-reprjob-LB-WS-noUB;0.8338461760461761;-1.0;3600.0;14171396.0
321;41;opl-reprjob-LB-WS-noUB;0.9619863945578232;-1.0;3600.0;35138.0
339;43;opl-reprjob-LB-WS-noUB;0.9653333333333334;1.0;133.34;30408.0
349;44;opl-reprjob-LB-WS-noUB;0.9648653968253968;-1.0;3600.0;138309856.0
357;45;opl-reprjob-LB-WS-noUB;0.977417353660832;-1.0;3600.0;135987936.0
363;46;opl-reprjob-LB-WS-noUB;0.8594539682539682;-1.0;3600.0;50175.0
373;47;opl-reprjob-LB-WS-noUB;0.9750839089988026;-1.0;3600.0;131461825.0
379;48;opl-reprjob-LB-WS-noUB;0.5446020602526725;-1.0;3600.0;41795715.0
413;52;opl-reprjob-LB-WS-noUB;0.9147301587301588;-1.0;3600.0;28368.0
429;54;opl-reprjob-LB-WS-noUB;0.9587301587301588;1.0;1219.1;30200.0
454;57;opl-reprjob-LB-WS-noUB;0.6364698412698413;-1.0;3600.0;42276.0
459;58;opl-reprjob-LB-WS-noUB;0.8847425108225109;-1.0;3600.0;896129.0
478;60;opl-reprjob-LB-WS-noUB;0.8121779701779702;-1.0;3600.0;87409688.0
486;61;opl-reprjob-LB-WS-noUB;0.96056462585034;-1.0;3600.0;422796.0
495;62;opl-reprjob-LB-WS-noUB;0.9734179694519316;-1.0;3600.0;226868271.0
574;72;opl-reprjob-LB-WS-noUB;0.961873015873016;-1.0;3600.0;60472.0
590;74;opl-reprjob-LB-WS-noUB;0.97825;-1.0;3600.0;11280580.0
622;78;opl-reprjob-LB-WS-noUB;0.4014920634920635;-1.0;3600.0;21104.0
641;81;opl-reprjob-LB-WS-noUB;0.6133587301587301;-1.0;3600.0;43260.0
653;82;opl-reprjob-LB-WS-noUB;0.9068825396825396;-1.0;3600.0;136912.0
674;85;opl-reprjob-LB-WS-noUB;0.7929777777777778;-1.0;3600.0;36664.0
694;87;opl-reprjob-LB-WS-noUB;0.8971174603174603;-1.0;3600.0;100944.0
699;88;opl-reprjob-LB-WS-noUB;0.881017260753431;-1.0;3600.0;429787646.0
706;89;opl-reprjob-LB-WS-noUB;0.9588825396825396;-1.0;3600.0;150260.0
717;90;opl-reprjob-LB-WS-noUB;0.9725996937441644;-1.0;3600.0;129124240.0
725;91;opl-reprjob-LB-WS-noUB;0.9630095238095238;-1.0;3600.0;151078.0
734;92;opl-reprjob-LB-WS-noUB;0.8968652333174072;-1.0;3600.0;242289118.0
739;93;opl-reprjob-LB-WS-noUB;0.8234539682539682;-1.0;3600.0;115852.0
771;97;opl-reprjob-LB-WS-noUB;0.498184126984127;-1.0;3600.0;53136.0
777;98;opl-reprjob-LB-WS-noUB;0.9644991062271062;-1.0;3600.0;196470288.0
794;100;opl-reprjob-LB-WS-noUB;0.8798095238095238;-1.0;3600.0;86588.0
802;101;opl-reprjob-LB-WS-noUB;0.8191746031746032;-1.0;3600.0;207656.0
813;102;opl-reprjob-LB-WS-noUB;0.9594634416729656;-1.0;3600.0;322782162.0
818;103;opl-reprjob-LB-WS-noUB;0.9787877198879552;-1.0;3600.0;62083546.0
833;105;opl-reprjob-LB-WS-noUB;0.9790761904761904;-1.0;3600.0;306591.0
858;108;opl-reprjob-LB-WS-noUB;0.9705142857142856;-1.0;3600.0;136398.0
866;109;opl-reprjob-LB-WS-noUB;0.8617523809523809;-1.0;3600.0;57160.0
886;111;opl-reprjob-LB-WS-noUB;0.9819570494864612;-1.0;3600.0;237830593.0
893;112;opl-reprjob-LB-WS-noUB;0.5152888888888889;-1.0;3600.0;107202.0
902;113;opl-reprjob-LB-WS-noUB;0.9673777777777778;-1.0;3600.0;302022.0
905;114;opl-reprjob-LB-WS-noUB;0.4939090943043884;-1.0;3600.0;17606335.0
913;115;opl-reprjob-LB-WS-noUB;0.974704761904762;-1.0;3600.0;300060.0
943;118;opl-reprjob-LB-WS-noUB;0.967784126984127;-1.0;3600.0;300140.0
957;120;opl-reprjob-LB-WS-noUB;0.9633375611577965;-1.0;3600.0;64244222.0
0;104;opl-reprjob-LB-WS-noUB;0.5690857142857143;-1.0;3600.1;122098.0
1;106;opl-reprjob-LB-WS-noUB;0.9676253968253968;-1.0;3600.13;302132.0
2;107;opl-reprjob-LB-WS-noUB;0.9850026666666668;-1.0;3600.07;5028720.0
3;110;opl-reprjob-LB-WS-noUB;0.9808043414195868;-1.0;3600.1;67649286.0
4;116;opl-reprjob-LB-WS-noUB;0.8343809523809523;-1.0;3600.09;190948.0
5;117;opl-reprjob-LB-WS-noUB;0.9413904761904762;-1.0;3600.09;254712.0
6;119;opl-reprjob-LB-WS-noUB;0.8990285714285714;-1.0;3600.1;244518.0
7;2;opl-reprjob-LB-WS-noUB;0.977936507936508;1.0;0.23;24644.0
8;21;opl-reprjob-LB-WS-noUB;0.5930884353741497;1.0;14.0;32694.0
9;22;opl-reprjob-LB-WS-noUB;0.923936507936508;-1.0;3600.0;11516.0
10;25;opl-reprjob-LB-WS-noUB;0.6663081232492997;-1.0;3600.06;1093007.0
11;27;opl-reprjob-LB-WS-noUB;0.9832455648926236;1.0;1.83;131632.0
12;30;opl-reprjob-LB-WS-noUB;0.970615116514691;1.0;0.3;2993741.0
13;31;opl-reprjob-LB-WS-noUB;0.5970793650793651;1.0;118.26;23510.0
14;35;opl-reprjob-LB-WS-noUB;0.2515118047218888;-1.0;3600.09;7790346.0
15;4;opl-reprjob-LB-WS-noUB;0.4923809523809523;1.0;0.36;3102.0
16;40;opl-reprjob-LB-WS-noUB;0.4148020512820513;1.0;15.11;1415512.0
17;42;opl-reprjob-LB-WS-noUB;0.976063492063492;-1.0;3600.04;30674.0
18;49;opl-reprjob-LB-WS-noUB;0.97056;-1.0;3600.0;754752.0
19;50;opl-reprjob-LB-WS-noUB;0.6705873015873016;-1.0;3600.05;1121735.0
20;51;opl-reprjob-LB-WS-noUB;0.970530612244898;-1.0;3600.06;106020.0
21;53;opl-reprjob-LB-WS-noUB;0.8928253968253969;-1.0;3600.05;22820.0
22;55;opl-reprjob-LB-WS-noUB;0.9847230320699708;-1.0;3600.0;138575400.0
23;56;opl-reprjob-LB-WS-noUB;0.8688888888888889;-1.0;3600.05;15732.0
24;59;opl-reprjob-LB-WS-noUB;0.8940476190476191;-1.0;3600.0;5063195.0
25;63;opl-reprjob-LB-WS-noUB;0.8573329485329485;-1.0;3600.0;79198841.0
26;64;opl-reprjob-LB-WS-noUB;0.9681875901875902;-1.0;3600.01;5331768.0
27;65;opl-reprjob-LB-WS-noUB;0.7268582766439909;-1.0;3600.0;133332155.0
28;66;opl-reprjob-LB-WS-noUB;0.9842539682539684;-1.0;3600.04;61696.0
29;67;opl-reprjob-LB-WS-noUB;0.7105396825396826;-1.0;3600.0;20648.0
30;68;opl-reprjob-LB-WS-noUB;0.983029766573296;-1.0;3600.0;301402879.0
31;69;opl-reprjob-LB-WS-noUB;0.8667498901098901;-1.0;3600.0;76120172.0
32;7;opl-reprjob-LB-WS-noUB;0.9928679583449214;1.0;20.22;38556240.0
33;70;opl-reprjob-LB-WS-noUB;0.7921409523809524;-1.0;3600.0;56367400.0
34;71;opl-reprjob-LB-WS-noUB;0.9636507936507936;-1.0;3600.0;60364.0
35;73;opl-reprjob-LB-WS-noUB;0.5545396825396826;-1.0;3600.1;29544.0
36;75;opl-reprjob-LB-WS-noUB;0.9405329598506068;-1.0;3600.0;70015610.0
37;76;opl-reprjob-LB-WS-noUB;0.9736825396825396;-1.0;3600.0;60628.0
38;77;opl-reprjob-LB-WS-noUB;0.9231746031746032;-1.0;3600.0;49324.0
39;79;opl-reprjob-LB-WS-noUB;0.9768631292517008;-1.0;3600.0;12433370.0
40;8;opl-reprjob-LB-WS-noUB;0.9904277643260694;1.0;0.09;12884970.0
41;80;opl-reprjob-LB-WS-noUB;0.5501771802054155;-1.0;3600.0;106356632.0
42;83;opl-reprjob-LB-WS-noUB;0.8537777777777777;-1.0;3600.03;42646.0
43;84;opl-reprjob-LB-WS-noUB;0.9792386473429951;-1.0;3600.02;389911067.0
44;86;opl-reprjob-LB-WS-noUB;0.9762666666666666;-1.0;3600.02;153028.0
45;94;opl-reprjob-LB-WS-noUB;0.5586416326530612;-1.0;3600.03;29356067.0
46;95;opl-reprjob-LB-WS-noUB;0.9681288324134686;-1.0;3600.03;674306751.0
47;96;opl-reprjob-LB-WS-noUB;0.9762031746031746;-1.0;3600.03;153198.0
48;99;opl-reprjob-LB-WS-noUB;0.9822019047619048;-1.0;3600.04;29391286.0
2;1;mzn-gurobi-LB-noUB;0.7925714285714286;1.0;1.210305;24966.0
16;3;mzn-gurobi-LB-noUB;0.2255555555555555;1.0;1.776132;1421.0
33;5;mzn-gurobi-LB-noUB;0.308648056923919;1.0;9.564358;1184190.0
41;6;mzn-gurobi-LB-noUB;0.9765079365079364;1.0;1.222045;6152.0
64;9;mzn-gurobi-LB-noUB;0.8026747720364742;1.0;1.224815;2495556.0
77;10;mzn-gurobi-LB-noUB;0.6965333333333333;1.0;1.876782;1170176.0
81;11;mzn-gurobi-LB-noUB;0.9716825396825396;1.0;2.485192;15304.0
90;12;mzn-gurobi-LB-noUB;0.6005714285714285;1.0;1.7388629999999998;9459.0
100;13;mzn-gurobi-LB-noUB;0.8764132364810331;1.0;2.216828;21717520.0
104;14;mzn-gurobi-LB-noUB;0.8758871252204585;1.0;2.341769;1986512.0
114;15;mzn-gurobi-LB-noUB;0.5971428571428572;1.0;2.620514;37620.0
121;16;mzn-gurobi-LB-noUB;0.9834173669467788;1.0;1.95931;16957164.0
128;17;mzn-gurobi-LB-noUB;0.1367063492063492;1.0;6.902286;6101095.0
138;18;mzn-gurobi-LB-noUB;0.9796536796536796;1.0;24.153603;339450.0
145;19;mzn-gurobi-LB-noUB;0.2309333333333333;1.0;8.28798;24248.0
154;20;mzn-gurobi-LB-noUB;0.4985938226222166;1.0;2.954239;1770033.0
181;23;mzn-gurobi-LB-noUB;0.9731141901576684;1.0;979.355117;64156932.0
189;24;mzn-gurobi-LB-noUB;0.7863809523809524;-1.0;3600.0;254564.418837
207;26;mzn-gurobi-LB-noUB;0.9702857142857144;-1.0;3600.0;30548.0
220;28;mzn-gurobi-LB-noUB;0.5192443697478991;-1.0;3600.0;1083825.71515
229;29;mzn-gurobi-LB-noUB;0.5345385281385281;-1.0;3600.0;1977724.0
253;32;mzn-gurobi-LB-noUB;0.3386666666666666;-1.0;3600.0;5252.29726999
258;33;mzn-gurobi-LB-noUB;0.2986738544474394;-1.0;3600.0;1215037.59658
269;34;mzn-gurobi-LB-noUB;0.9392897354497356;1.0;471.29901;2219072.0
283;36;mzn-gurobi-LB-noUB;0.9653333333333334;1.0;194.91436;17738.0
295;37;mzn-gurobi-LB-noUB;0.9937980952380951;1.0;198.51029000000003;5478312.0
296;38;mzn-gurobi-LB-noUB;0.5659534065934065;-1.0;3600.0;1647644.0
304;39;mzn-gurobi-LB-noUB;0.8338461760461761;1.0;139.16905;14446384.6354
320;41;mzn-gurobi-LB-noUB;0.9619863945578232;-1.0;3600.0;35318.0
336;43;mzn-gurobi-LB-noUB;0.9653333333333334;1.0;407.88783;30408.0
347;44;mzn-gurobi-LB-noUB;0.9648653968253968;1.0;1217.61261;139808996.0
358;45;mzn-gurobi-LB-noUB;0.977181855825334;-1.0;3600.0;135987936.0
362;46;mzn-gurobi-LB-noUB;0.860152380952381;-1.0;3600.0;53933.0
369;47;mzn-gurobi-LB-noUB;0.9737093119646312;-1.0;3600.0;131461825.0
378;48;mzn-gurobi-LB-noUB;0.6007346938775511;-1.0;3600.0;42610651.0
411;52;mzn-gurobi-LB-noUB;0.9146666666666666;-1.0;3600.0;28735.0251707
425;54;mzn-gurobi-LB-noUB;0.9587301587301588;-1.0;3600.0;30164.0
453;57;mzn-gurobi-LB-noUB;0.6540063492063493;-1.0;3600.0;45216.5557902
457;58;mzn-gurobi-LB-noUB;0.8658230303030303;-1.0;3600.0;1078318.45736
474;60;mzn-gurobi-LB-noUB;0.8472044252044252;-1.0;3600.0;89635806.7634
481;61;mzn-gurobi-LB-noUB;0.9606598639455782;-1.0;3600.0;422796.0
490;62;mzn-gurobi-LB-noUB;0.9728654986522912;-1.0;3600.0;226868271.0
571;72;mzn-gurobi-LB-noUB;0.9635555555555556;-1.0;3600.0;60472.0
591;74;mzn-gurobi-LB-noUB;0.976345238095238;-1.0;3600.0;11280580.0
617;78;mzn-gurobi-LB-noUB;0.6167619047619047;-1.0;3600.0;21396.0
642;81;mzn-gurobi-LB-noUB;-1.0;-1.0;3600.0;
650;82;mzn-gurobi-LB-noUB;-1.0;-1.0;3600.0;
675;85;mzn-gurobi-LB-noUB;-1.0;-1.0;3600.0;
691;87;mzn-gurobi-LB-noUB;-1.0;-1.0;3600.0;
700;88;mzn-gurobi-LB-noUB;-1.0;-1.0;3600.0;
710;89;mzn-gurobi-LB-noUB;-1.0;-1.0;3600.0;
718;90;mzn-gurobi-LB-noUB;-1.0;-1.0;3600.0;
727;91;mzn-gurobi-LB-noUB;-1.0;-1.0;3600.0;
733;92;mzn-gurobi-LB-noUB;-1.0;-1.0;3600.0;
736;93;mzn-gurobi-LB-noUB;-1.0;-1.0;3600.0;
775;97;mzn-gurobi-LB-noUB;-1.0;-1.0;3600.0;
783;98;mzn-gurobi-LB-noUB;-1.0;-1.0;3600.0;
792;100;mzn-gurobi-LB-noUB;-1.0;-1.0;3600.0;
800;101;mzn-gurobi-LB-noUB;-1.0;-1.0;3600.0;
814;102;mzn-gurobi-LB-noUB;-1.0;-1.0;3600.0;
816;103;mzn-gurobi-LB-noUB;-1.0;-1.0;3600.0;
837;105;mzn-gurobi-LB-noUB;-1.0;-1.0;3600.0;
862;108;mzn-gurobi-LB-noUB;-1.0;-1.0;3600.0;
869;109;mzn-gurobi-LB-noUB;-1.0;-1.0;3600.0;
882;111;mzn-gurobi-LB-noUB;-1.0;-1.0;3600.0;
888;112;mzn-gurobi-LB-noUB;-1.0;-1.0;3600.0;
901;113;mzn-gurobi-LB-noUB;-1.0;-1.0;3600.0;
909;114;mzn-gurobi-LB-noUB;-1.0;-1.0;3600.0;
912;115;mzn-gurobi-LB-noUB;-1.0;-1.0;3600.0;
942;118;mzn-gurobi-LB-noUB;-1.0;-1.0;3600.0;
958;120;mzn-gurobi-LB-noUB;-1.0;-1.0;3600.0;
0;104;mzn-gurobi-LB-noUB;-1.0;-1.0;;
1;106;mzn-gurobi-LB-noUB;-1.0;-1.0;;
2;107;mzn-gurobi-LB-noUB;-1.0;-1.0;;
3;110;mzn-gurobi-LB-noUB;-1.0;-1.0;;
4;116;mzn-gurobi-LB-noUB;-1.0;-1.0;;
5;117;mzn-gurobi-LB-noUB;-1.0;-1.0;;
6;119;mzn-gurobi-LB-noUB;-1.0;-1.0;;
7;2;mzn-gurobi-LB-noUB;0.977936507936508;1.0;0.56236;24644.0
8;21;mzn-gurobi-LB-noUB;0.5930884353741497;1.0;58.499301;32693.0134184
9;22;mzn-gurobi-LB-noUB;0.923936507936508;1.0;2.365636;14552.0
10;25;mzn-gurobi-LB-noUB;0.6663081232492997;1.0;3455.502576;1873242.0
11;27;mzn-gurobi-LB-noUB;0.9832455648926236;1.0;1032.258409;131628.053436
12;30;mzn-gurobi-LB-noUB;0.970615116514691;-1.0;3600.338161;2986641.0
13;31;mzn-gurobi-LB-noUB;0.5970793650793651;1.0;357.95678000000004;23510.0
14;35;mzn-gurobi-LB-noUB;0.2515118047218888;1.0;159.75006000000002;12649126.0
15;4;mzn-gurobi-LB-noUB;0.4923809523809523;1.0;4.948078;3102.0
16;40;mzn-gurobi-LB-noUB;0.4148020512820513;1.0;61.65063;1415512.0
17;42;mzn-gurobi-LB-noUB;0.975936507936508;-1.0;3601.59514;30722.0
18;49;mzn-gurobi-LB-noUB;0.9704609523809524;-1.0;3601.08627;762318.0
19;50;mzn-gurobi-LB-noUB;0.6905079365079365;-1.0;3601.60311;1262272.0
20;51;mzn-gurobi-LB-noUB;0.970530612244898;-1.0;3604.14004;106873.379521
21;53;mzn-gurobi-LB-noUB;0.8928253968253969;-1.0;3603.91185;28093.1754695
22;55;mzn-gurobi-LB-noUB;0.98467638483965;-1.0;3604.34462;139303237.864
23;56;mzn-gurobi-LB-noUB;0.8689523809523809;-1.0;3604.49768;19856.1590706
24;59;mzn-gurobi-LB-noUB;0.8939365079365079;-1.0;3604.84398;5128469.90008
25;64;mzn-gurobi-LB-noUB;0.9673924963924964;-1.0;3606.25101;5331768.0
26;65;mzn-gurobi-LB-noUB;0.7426175898931001;-1.0;3606.38063;139630332.0
27;66;mzn-gurobi-LB-noUB;0.9842539682539684;-1.0;3606.31385;61822.0
28;67;mzn-gurobi-LB-noUB;0.8573650793650793;-1.0;3606.68881;21390.0
29;68;mzn-gurobi-LB-noUB;0.982895238095238;-1.0;3607.0856;301863868.0
30;69;mzn-gurobi-LB-noUB;-1.0;-1.0;;
31;7;mzn-gurobi-LB-noUB;0.9928679583449214;1.0;0.612082;38556240.0
32;70;mzn-gurobi-LB-noUB;0.802916336996337;-1.0;3607.11569;58452840.0
33;71;mzn-gurobi-LB-noUB;0.9636507936507936;-1.0;3617.2223;60382.0
34;73;mzn-gurobi-LB-noUB;0.5333650793650794;-1.0;3615.7214;30976.0
35;75;mzn-gurobi-LB-noUB;0.9405329598506068;1.0;162.94299999999998;70511756.0
36;76;mzn-gurobi-LB-noUB;0.9736825396825396;-1.0;3618.4672;60866.3959669
37;77;mzn-gurobi-LB-noUB;0.923047619047619;-1.0;3617.6472;50014.0000001
38;79;mzn-gurobi-LB-noUB;0.9763631486880466;-1.0;3618.4847;12433370.0
39;8;mzn-gurobi-LB-noUB;0.9904277643260694;1.0;5.0790299999999995;12884970.0
40;80;mzn-gurobi-LB-noUB;0.6474798132586368;-1.0;3618.031;110868142.0
41;83;mzn-gurobi-LB-noUB;-1.0;-1.0;;
42;84;mzn-gurobi-LB-noUB;-1.0;-1.0;;
43;86;mzn-gurobi-LB-noUB;-1.0;-1.0;;
44;94;mzn-gurobi-LB-noUB;-1.0;-1.0;;
45;95;mzn-gurobi-LB-noUB;-1.0;-1.0;;
46;96;mzn-gurobi-LB-noUB;-1.0;-1.0;;
47;99;mzn-gurobi-LB-noUB;-1.0;-1.0;;
3;1;mzn-gurobiWS-LB-noUB;0.7925714285714286;1.0;1.169393;24966.0
21;3;mzn-gurobiWS-LB-noUB;0.2255555555555555;1.0;0.847416;1421.0
34;5;mzn-gurobiWS-LB-noUB;0.308648056923919;1.0;6.625883;1184190.0
44;6;mzn-gurobiWS-LB-noUB;0.9765079365079364;1.0;1.253623;6152.0
70;9;mzn-gurobiWS-LB-noUB;0.8026747720364742;1.0;1.169387;2495556.0
78;10;mzn-gurobiWS-LB-noUB;0.6965333333333333;1.0;1.926954;1170176.0
82;11;mzn-gurobiWS-LB-noUB;0.9716825396825396;1.0;2.219598;15304.0
88;12;mzn-gurobiWS-LB-noUB;0.6005714285714285;1.0;1.767444;9459.0
101;13;mzn-gurobiWS-LB-noUB;0.8764132364810331;1.0;2.101154;21717520.0
111;14;mzn-gurobiWS-LB-noUB;0.8758871252204585;1.0;2.4406;1986512.0
116;15;mzn-gurobiWS-LB-noUB;0.5971428571428572;1.0;2.827482;37620.0
127;16;mzn-gurobiWS-LB-noUB;0.9834173669467788;1.0;2.545774;16957164.0
129;17;mzn-gurobiWS-LB-noUB;0.1367063492063492;1.0;3.4980670000000003;6101095.0
136;18;mzn-gurobiWS-LB-noUB;0.9796536796536796;1.0;13.067837;339450.0
149;19;mzn-gurobiWS-LB-noUB;0.2309333333333333;1.0;8.693183999999999;24248.0
158;20;mzn-gurobiWS-LB-noUB;0.4985938226222166;1.0;2.864177;1770033.0
182;23;mzn-gurobiWS-LB-noUB;0.9731141901576684;1.0;860.445961;64156932.0
191;24;mzn-gurobiWS-LB-noUB;0.7863809523809524;-1.0;3600.0;254976.658176
204;26;mzn-gurobiWS-LB-noUB;0.9702857142857144;-1.0;3600.0;30548.0
222;28;mzn-gurobiWS-LB-noUB;0.5192443697478991;-1.0;3600.0;1089391.29441
231;29;mzn-gurobiWS-LB-noUB;0.5345385281385281;-1.0;3600.0;1979220.47842
249;32;mzn-gurobiWS-LB-noUB;0.3386666666666666;-1.0;3600.0;4729.83735844
259;33;mzn-gurobiWS-LB-noUB;0.2986738544474394;-1.0;3600.0;1212634.17302
271;34;mzn-gurobiWS-LB-noUB;0.9392897354497356;1.0;920.72907;2219072.0
282;36;mzn-gurobiWS-LB-noUB;0.9653333333333334;1.0;231.21552;17738.0
289;37;mzn-gurobiWS-LB-noUB;0.9937980952380951;1.0;408.75389;5478312.0
302;38;mzn-gurobiWS-LB-noUB;0.5659686446886447;-1.0;3600.0;1647644.0
306;39;mzn-gurobiWS-LB-noUB;0.8338461760461761;1.0;572.46682;14446385.0
322;41;mzn-gurobiWS-LB-noUB;0.9619863945578232;-1.0;3600.0;35318.0
338;43;mzn-gurobiWS-LB-noUB;0.9653333333333334;1.0;276.36334;30408.0
346;44;mzn-gurobiWS-LB-noUB;0.9648653968253968;-1.0;3600.0;139806696.0
359;45;mzn-gurobiWS-LB-noUB;0.9771238848108412;-1.0;3600.0;135987936.0
361;46;mzn-gurobiWS-LB-noUB;0.8592634920634921;-1.0;3600.0;52433.0
374;47;mzn-gurobiWS-LB-noUB;0.973695311780418;-1.0;3600.0;131461825.0
376;48;mzn-gurobiWS-LB-noUB;0.5257093100097182;-1.0;3600.0;42610651.0
410;52;mzn-gurobiWS-LB-noUB;0.9146666666666666;-1.0;3600.0;28769.7095119
426;54;mzn-gurobiWS-LB-noUB;0.9587301587301588;-1.0;3600.0;30164.0
455;57;mzn-gurobiWS-LB-noUB;0.6375746031746031;-1.0;3600.0;45130.1249264
456;58;mzn-gurobiWS-LB-noUB;0.8656464069264069;-1.0;3600.0;1076260.55311
472;60;mzn-gurobiWS-LB-noUB;0.8281135161135161;-1.0;3600.0;89534784.7864
483;61;mzn-gurobiWS-LB-noUB;0.9605102040816328;-1.0;3600.0;422796.0
489;62;mzn-gurobiWS-LB-noUB;0.9728612758310872;-1.0;3600.0;226868271.0
573;72;mzn-gurobiWS-LB-noUB;0.9623809523809524;-1.0;3600.0;60472.0
587;74;mzn-gurobiWS-LB-noUB;0.9762261904761904;-1.0;3600.0;11280580.0
623;78;mzn-gurobiWS-LB-noUB;0.4284444444444444;-1.0;3600.0;21396.0
640;81;mzn-gurobiWS-LB-noUB;0.7236317460317461;-1.0;3600.0;43986.0
649;82;mzn-gurobiWS-LB-noUB;0.910336507936508;-1.0;3600.0;137164.0
676;85;mzn-gurobiWS-LB-noUB;-1.0;-1.0;3600.0;
690;87;mzn-gurobiWS-LB-noUB;-1.0;-1.0;3600.0;
697;88;mzn-gurobiWS-LB-noUB;-1.0;-1.0;3600.0;
709;89;mzn-gurobiWS-LB-noUB;-1.0;-1.0;3600.0;
715;90;mzn-gurobiWS-LB-noUB;-1.0;-1.0;3600.0;
726;91;mzn-gurobiWS-LB-noUB;0.9614349206349206;-1.0;3600.0;151078.0
731;92;mzn-gurobiWS-LB-noUB;0.9006607421563944;-1.0;3600.0;242729460.0
737;93;mzn-gurobiWS-LB-noUB;0.8675555555555555;-1.0;3600.0;116288.0
768;97;mzn-gurobiWS-LB-noUB;-1.0;-1.0;3600.0;
782;98;mzn-gurobiWS-LB-noUB;-1.0;-1.0;3600.0;
793;100;mzn-gurobiWS-LB-noUB;-1.0;-1.0;3600.0;
807;101;mzn-gurobiWS-LB-noUB;0.8810222222222223;-1.0;3600.0;-1e+100
808;102;mzn-gurobiWS-LB-noUB;-1.0;-1.0;3600.0;
823;103;mzn-gurobiWS-LB-noUB;-1.0;-1.0;3600.0;
838;105;mzn-gurobiWS-LB-noUB;-1.0;-1.0;3600.0;
856;108;mzn-gurobiWS-LB-noUB;-1.0;-1.0;3600.0;
871;109;mzn-gurobiWS-LB-noUB;-1.0;-1.0;3600.0;
884;111;mzn-gurobiWS-LB-noUB;-1.0;-1.0;3600.0;
895;112;mzn-gurobiWS-LB-noUB;0.4936888888888889;-1.0;3600.0;107202.0
900;113;mzn-gurobiWS-LB-noUB;-1.0;-1.0;3600.0;
910;114;mzn-gurobiWS-LB-noUB;0.4642175910364146;-1.0;3600.0;17733835.0
915;115;mzn-gurobiWS-LB-noUB;-1.0;-1.0;3600.0;
937;118;mzn-gurobiWS-LB-noUB;-1.0;-1.0;3600.0;
956;120;mzn-gurobiWS-LB-noUB;-1.0;-1.0;3600.0;
0;104;mzn-gurobiWS-LB-noUB;0.8967174603174604;-1.0;3799.0348;122638.0
1;106;mzn-gurobiWS-LB-noUB;-1.0;-1.0;;
2;107;mzn-gurobiWS-LB-noUB;-1.0;-1.0;;
3;110;mzn-gurobiWS-LB-noUB;-1.0;-1.0;;
4;116;mzn-gurobiWS-LB-noUB;-1.0;-1.0;;
5;117;mzn-gurobiWS-LB-noUB;-1.0;-1.0;;
6;119;mzn-gurobiWS-LB-noUB;-1.0;-1.0;;
7;2;mzn-gurobiWS-LB-noUB;0.977936507936508;1.0;6.074409999999999;24644.0
8;21;mzn-gurobiWS-LB-noUB;0.5930884353741497;1.0;51.01559;32694.0
9;22;mzn-gurobiWS-LB-noUB;0.923936507936508;1.0;18.585112;14552.0
10;25;mzn-gurobiWS-LB-noUB;0.6663081232492997;1.0;1866.249971;1873242.0
11;27;mzn-gurobiWS-LB-noUB;0.9832455648926236;1.0;642.692586;131631.104767
12;30;mzn-gurobiWS-LB-noUB;0.970615116514691;1.0;921.130582;2993741.0
13;31;mzn-gurobiWS-LB-noUB;0.5970793650793651;1.0;1731.385584;23510.0
14;35;mzn-gurobiWS-LB-noUB;0.2515118047218888;1.0;301.67371;12649126.0
15;4;mzn-gurobiWS-LB-noUB;0.4923809523809523;1.0;2.015279;3102.0
16;40;mzn-gurobiWS-LB-noUB;0.4148020512820513;1.0;2337.94235;1415512.0
17;42;mzn-gurobiWS-LB-noUB;0.975936507936508;-1.0;3601.1223;30722.0
18;49;mzn-gurobiWS-LB-noUB;0.9704609523809524;-1.0;3601.4981399999997;762168.0
19;50;mzn-gurobiWS-LB-noUB;0.6875555555555556;-1.0;3601.6509;1262272.0
20;51;mzn-gurobiWS-LB-noUB;0.970530612244898;-1.0;3604.15143;106797.569454
21;53;mzn-gurobiWS-LB-noUB;0.8928253968253969;-1.0;3603.61123;26890.1588086
22;55;mzn-gurobiWS-LB-noUB;0.98467638483965;-1.0;3604.19044;139242241.188
23;56;mzn-gurobiWS-LB-noUB;0.8688888888888889;-1.0;3604.40646;19534.0878852
24;59;mzn-gurobiWS-LB-noUB;0.8938888888888888;-1.0;3604.6272;5125187.66386
25;64;mzn-gurobiWS-LB-noUB;0.967592352092352;-1.0;3606.14962;5331768.0
26;65;mzn-gurobiWS-LB-noUB;0.7522233560090703;-1.0;3606.09342;139630332.0
27;66;mzn-gurobiWS-LB-noUB;0.9842539682539684;-1.0;3606.93896;61822.0
28;67;mzn-gurobiWS-LB-noUB;0.8571746031746031;-1.0;3606.51179;21390.0
29;68;mzn-gurobiWS-LB-noUB;0.9828022408963586;-1.0;3607.00313;301863868.0
30;69;mzn-gurobiWS-LB-noUB;-1.0;-1.0;;
31;7;mzn-gurobiWS-LB-noUB;0.9928679583449214;1.0;0.696626;38556240.0
32;70;mzn-gurobiWS-LB-noUB;0.8292565567765567;-1.0;3607.14894;58452840.0
33;71;mzn-gurobiWS-LB-noUB;0.9636190476190476;-1.0;3617.2494;60382.0
34;73;mzn-gurobiWS-LB-noUB;0.5801904761904761;-1.0;3616.8628;30963.1922499
35;75;mzn-gurobiWS-LB-noUB;0.9405329598506068;1.0;1108.2836;70511756.0
36;76;mzn-gurobiWS-LB-noUB;0.9736825396825396;-1.0;3618.8692;60742.0
37;77;mzn-gurobiWS-LB-noUB;0.9232380952380952;-1.0;3617.9053;49414.0
38;79;mzn-gurobiWS-LB-noUB;0.9762720310981536;-1.0;3618.5486;12433370.0
39;8;mzn-gurobiWS-LB-noUB;0.9904277643260694;1.0;0.694864;12884970.0
40;80;mzn-gurobiWS-LB-noUB;0.6757270588235295;-1.0;3618.7394;110868142.0
41;83;mzn-gurobiWS-LB-noUB;0.9309206349206348;-1.0;3642.1122;46664.0
42;84;mzn-gurobiWS-LB-noUB;-1.0;-1.0;;
43;86;mzn-gurobiWS-LB-noUB;-1.0;-1.0;;
44;94;mzn-gurobiWS-LB-noUB;0.8092027210884354;-1.0;3717.6582;31404384.0
45;95;mzn-gurobiWS-LB-noUB;0.9754880588713472;-1.0;3718.9878;690794025.0
46;96;mzn-gurobiWS-LB-noUB;-1.0;-1.0;;
47;99;mzn-gurobiWS-LB-noUB;-1.0;-1.0;;
63;63;mzn-gurobiWS-LB-noUB;0.8371274651274652;-1.0;3600.0;79743192.0
198;63;mzn-gurobi-LB-noUB;0.8743601731601731;-1.0;3600.0;79743192.0
