,total running time,total setup time,total setup costs,number of too late jobs,number of batches,number of too late jobs (simple bound),instance_number,instance,upper_bound_integer_objective,mult_factor_total_runtime,mult_factor_finished_toolate,mult_factor_total_setuptimes,mult_factor_total_setupcosts,normalised objective bound,integer objective bound
0,32,0,10,7,6,7,1,01RandomOvenSchedulingInstance-n10-k2-a2-WithInitialStates.dzn,31500,24,3000,0,10,0.6942222222222222,21868
1,39,0,7,10,5,10,2,02RandomOvenSchedulingInstance-n10-k2-a2-WithInitialStates.dzn,25200,12,2400,0,8,0.9731746031746032,24524
2,41,0,0,2,6,2,3,03RandomOvenSchedulingInstance-n10-k2-a2-WithInitialStates.dzn,6300,4,600,0,3,0.2165079365079365,1364
3,20,0,7,2,3,2,4,04RandomOvenSchedulingInstance-n10-k2-a2-WithInitialStates.dzn,6300,4,600,0,2,0.2053968253968253,1294
4,245,0,56,0,4,0,5,05RandomOvenSchedulingInstance-n10-k2-a2-WithInitialStates.dzn,3836700,252,365400,0,174,0.018631636562671,71484
5,35,0,5,10,6,10,6,06RandomOvenSchedulingInstance-n10-k2-a5-WithInitialStates.dzn,6300,4,600,0,2,0.9761904761904762,6150
6,626,0,29,10,9,10,7,07RandomOvenSchedulingInstance-n10-k2-a5-WithInitialStates.dzn,38833200,2208,3698400,0,1608,0.9891752418034052,38412840
7,386,0,98,10,7,10,8,08RandomOvenSchedulingInstance-n10-k2-a5-WithInitialStates.dzn,13009500,840,1239000,0,885,0.9839709443099274,12800970
8,386,0,147,7,7,7,9,09RandomOvenSchedulingInstance-n10-k2-a5-WithInitialStates.dzn,3109050,252,296100,0,141,0.7046200607902735,2190699
9,395,0,92,6,5,6,10,10RandomOvenSchedulingInstance-n10-k2-a5-WithInitialStates.dzn,1680000,100,160000,0,64,0.5984452380952381,1005388
10,13,0,3,10,2,10,11,11RandomOvenSchedulingInstance-n10-k5-a2-WithInitialStates.dzn,15750,12,1500,0,5,0.9632380952380952,15171
11,17,0,6,3,3,3,12,12RandomOvenSchedulingInstance-n10-k5-a2-WithInitialStates.dzn,15750,12,1500,0,5,0.3005714285714285,4734
12,191,0,11,9,2,9,13,13RandomOvenSchedulingInstance-n10-k5-a2-WithInitialStates.dzn,24780000,1600,2360000,0,944,0.8698944309927361,21555984
13,187,0,16,6,2,6,14,14RandomOvenSchedulingInstance-n10-k5-a2-WithInitialStates.dzn,2268000,160,216000,0,108,0.5853827160493827,1327648
14,196,0,40,4,2,4,15,15RandomOvenSchedulingInstance-n10-k5-a2-WithInitialStates.dzn,63000,4,6000,0,3,0.3953015873015873,24904
15,339,0,138,10,6,10,16,16RandomOvenSchedulingInstance-n10-k5-a5-WithInitialStates.dzn,17243100,1288,1642200,0,714,0.9834173669467788,16957164
16,463,0,29,0,6,0,17,17RandomOvenSchedulingInstance-n10-k5-a5-WithInitialStates.dzn,44629200,2208,4250400,0,1771,0.0240574108431251,1073663
17,323,0,20,10,4,10,18,18RandomOvenSchedulingInstance-n10-k5-a5-WithInitialStates.dzn,346500,20,33000,0,66,0.9748340548340548,337780
18,416,0,56,2,8,2,19,19RandomOvenSchedulingInstance-n10-k5-a5-WithInitialStates.dzn,105000,8,10000,0,4,0.2243047619047619,23552
19,206,0,19,5,4,5,20,20RandomOvenSchedulingInstance-n10-k5-a5-WithInitialStates.dzn,3550050,276,338100,0,147,0.4929927747496514,1750149
20,57,0,11,14,9,14,21,21RandomOvenSchedulingInstance-n25-k2-a2-WithInitialStates.dzn,55125,12,2100,0,7,0.5471383219954649,30161
21,28,0,0,19,4,19,22,22RandomOvenSchedulingInstance-n25-k2-a2-WithInitialStates.dzn,15750,4,600,0,2,0.730920634920635,11512
22,562,0,109,25,9,25,23,23RandomOvenSchedulingInstance-n25-k2-a2-WithInitialStates.dzn,65929500,1932,2511600,0,1092,0.9706551998725912,63994812
23,624,0,143,17,11,17,24,24RandomOvenSchedulingInstance-n25-k2-a2-WithInitialStates.dzn,378000,12,14400,0,8,0.6704550264550264,253432
24,239,0,105,10,5,10,25,25RandomOvenSchedulingInstance-n25-k2-a2-WithInitialStates.dzn,2811375,84,107100,0,51,0.3899981325863679,1096431
25,45,0,2,25,9,25,26,26RandomOvenSchedulingInstance-n25-k2-a5-WithInitialStates.dzn,31500,12,1200,0,4,0.9697777777777776,30548
26,759,0,42,25,14,25,27,27RandomOvenSchedulingInstance-n25-k2-a5-WithInitialStates.dzn,133875,4,5100,0,17,0.9803921568627452,131250
27,585,0,75,7,10,7,28,28RandomOvenSchedulingInstance-n25-k2-a5-WithInitialStates.dzn,3346875,100,127500,0,51,0.2852885154061624,954825
28,897,0,52,12,13,12,29,29RandomOvenSchedulingInstance-n25-k2-a5-WithInitialStates.dzn,4042500,112,154000,0,385,0.4869471861471861,1968484
29,443,0,103,25,7,25,30,30RandomOvenSchedulingInstance-n25-k2-a5-WithInitialStates.dzn,3084375,100,117500,0,47,0.9683131914893616,2986641
30,43,0,12,11,9,11,31,31RandomOvenSchedulingInstance-n25-k5-a2-WithInitialStates.dzn,39375,12,1500,0,5,0.4336761904761905,17076
31,66,0,22,5,10,5,32,32RandomOvenSchedulingInstance-n25-k5-a2-WithInitialStates.dzn,15750,4,600,0,2,0.210031746031746,3308
32,506,0,35,1,7,1,33,33RandomOvenSchedulingInstance-n25-k5-a2-WithInitialStates.dzn,4869375,140,185500,0,371,0.0553099730458221,269325
33,607,0,286,23,13,23,34,34RandomOvenSchedulingInstance-n25-k5-a2-WithInitialStates.dzn,2362500,80,90000,0,36,0.9011030687830688,2128856
34,226,0,28,4,4,4,35,35RandomOvenSchedulingInstance-n25-k5-a2-WithInitialStates.dzn,50292375,1564,1915900,0,1127,0.1600365860629966,8048620
35,47,0,5,25,5,25,36,36RandomOvenSchedulingInstance-n25-k5-a5-WithInitialStates.dzn,18375,4,700,0,7,0.9645170068027212,17723
36,835,0,273,25,13,25,37,37RandomOvenSchedulingInstance-n25-k5-a5-WithInitialStates.dzn,5512500,168,210000,0,100,0.9827809523809524,5417580
37,852,0,47,12,14,12,38,38RandomOvenSchedulingInstance-n25-k5-a5-WithInitialStates.dzn,3412500,100,130000,0,52,0.4828260805860805,1647644
38,867,0,149,21,14,21,39,39RandomOvenSchedulingInstance-n25-k5-a5-WithInitialStates.dzn,17325000,480,660000,0,275,0.8263858585858586,14317135
39,740,0,176,8,13,8,40,40RandomOvenSchedulingInstance-n25-k5-a5-WithInitialStates.dzn,3412500,100,130000,0,52,0.3291287912087912,1123152
40,69,0,6,50,10,50,41,41RandomOvenSchedulingInstance-n50-k2-a2-WithInitialStates.dzn,36750,4,700,0,7,0.9610340136054422,35318
41,167,0,19,50,28,50,42,42RandomOvenSchedulingInstance-n50-k2-a2-WithInitialStates.dzn,31500,4,600,0,2,0.9747936507936508,30706
42,74,0,11,50,11,50,43,43RandomOvenSchedulingInstance-n50-k2-a2-WithInitialStates.dzn,31500,4,600,0,6,0.963873015873016,30362
43,702,0,174,50,11,50,44,44RandomOvenSchedulingInstance-n50-k2-a2-WithInitialStates.dzn,144900000,2300,2760000,0,1104,0.9648495238095238,139806696
44,1453,0,308,50,30,50,45,45RandomOvenSchedulingInstance-n50-k2-a2-WithInitialStates.dzn,139466250,1932,2656500,0,1155,0.975059815546772,135987936
45,114,0,13,33,19,33,46,46RandomOvenSchedulingInstance-n50-k2-a5-WithInitialStates.dzn,78750,12,1500,0,5,0.646768253968254,50933
46,976,0,55,50,17,50,47,47RandomOvenSchedulingInstance-n50-k2-a5-WithInitialStates.dzn,135712500,2200,2585000,0,1175,0.968678824721378,131461825
47,1272,0,213,14,20,14,48,48RandomOvenSchedulingInstance-n50-k2-a5-WithInitialStates.dzn,147918750,2300,2817500,0,1127,0.2880679494655004,42610651
48,814,0,400,50,16,50,49,49RandomOvenSchedulingInstance-n50-k2-a5-WithInitialStates.dzn,787500,12,15000,0,6,0.967832380952381,762168
49,860,0,209,21,19,21,50,50RandomOvenSchedulingInstance-n50-k2-a5-WithInitialStates.dzn,2772000,44,52800,0,48,0.4172698412698413,1156672
50,71,0,24,50,12,50,51,51RandomOvenSchedulingInstance-n50-k5-a2-WithInitialStates.dzn,110250,12,2100,0,7,0.9616326530612244,106020
51,65,0,17,47,13,47,52,52RandomOvenSchedulingInstance-n50-k5-a2-WithInitialStates.dzn,31500,4,600,0,2,0.9045714285714286,28494
52,53,0,27,38,14,38,53,53RandomOvenSchedulingInstance-n50-k5-a2-WithInitialStates.dzn,31500,4,600,0,2,0.7322539682539683,23066
53,41,0,0,50,7,50,54,54RandomOvenSchedulingInstance-n50-k5-a2-WithInitialStates.dzn,31500,4,600,0,6,0.9575873015873017,30164
54,1721,0,223,50,30,50,55,55RandomOvenSchedulingInstance-n50-k5-a2-WithInitialStates.dzn,141487500,2200,2695000,0,1225,0.9810716494389964,138809375
55,57,0,7,26,8,26,56,56RandomOvenSchedulingInstance-n50-k5-a5-WithInitialStates.dzn,31500,4,600,0,2,0.5029206349206349,15842
56,97,0,5,28,18,28,57,57RandomOvenSchedulingInstance-n50-k5-a5-WithInitialStates.dzn,78750,12,1500,0,5,0.548431746031746,43189
57,1265,0,191,32,21,32,58,58RandomOvenSchedulingInstance-n50-k5-a5-WithInitialStates.dzn,1443750,20,27500,0,11,0.6285028571428571,907401
58,611,0,116,42,12,42,59,59RandomOvenSchedulingInstance-n50-k5-a5-WithInitialStates.dzn,6300000,100,120000,0,50,0.8106190476190476,5106900
59,1252,0,122,38,29,38,60,60RandomOvenSchedulingInstance-n50-k5-a5-WithInitialStates.dzn,119542500,2024,2277000,0,1035,0.7460636844636844,89186318
60,99,0,20,100,20,100,61,61RandomOvenSchedulingInstance-n100-k2-a2-WithInitialStates.dzn,441000,24,4200,0,21,0.9587210884353742,422796
61,2165,0,567,100,41,100,62,62RandomOvenSchedulingInstance-n100-k2-a2-WithInitialStates.dzn,233730000,1680,2226000,0,1113,0.9706424977538184,226868271
62,433,0,120,47,15,47,63,63RandomOvenSchedulingInstance-n100-k2-a2-WithInitialStates.dzn,176715000,1224,1683000,0,935,0.4512531024531024,79743192
63,990,0,342,100,32,100,64,64RandomOvenSchedulingInstance-n100-k2-a2-WithInitialStates.dzn,5544000,44,52800,0,24,0.9617186147186148,5331768
64,2803,0,804,49,59,49,65,65RandomOvenSchedulingInstance-n100-k2-a2-WithInitialStates.dzn,284004000,2208,2704800,0,1127,0.4916491739552964,139630332
65,370,0,57,100,57,100,66,66RandomOvenSchedulingInstance-n100-k2-a5-WithInitialStates.dzn,63000,4,600,0,6,0.9813015873015872,61822
66,80,0,35,34,15,34,67,67RandomOvenSchedulingInstance-n100-k2-a5-WithInitialStates.dzn,63000,4,600,0,2,0.33,20790
67,3482,0,516,100,65,100,68,68RandomOvenSchedulingInstance-n100-k2-a5-WithInitialStates.dzn,307912500,2300,2932500,0,1173,0.9803560037348272,301863868
68,1620,0,134,25,37,24,69,69RandomOvenSchedulingInstance-n100-k2-a5-WithInitialStates.dzn,313950000,2300,2990000,0,1196,0.2504738461538461,78636264
69,3720,0,195,72,68,72,70,70RandomOvenSchedulingInstance-n100-k2-a5-WithInitialStates.dzn,81900000,600,780000,0,312,0.71370989010989,58452840
70,89,0,13,100,15,100,71,71RandomOvenSchedulingInstance-n100-k5-a2-WithInitialStates.dzn,63000,4,600,0,2,0.9584444444444444,60382
71,106,0,16,100,17,100,72,72RandomOvenSchedulingInstance-n100-k5-a2-WithInitialStates.dzn,63000,4,600,0,3,0.959873015873016,60472
72,301,0,162,49,54,49,73,73RandomOvenSchedulingInstance-n100-k5-a2-WithInitialStates.dzn,63000,4,600,0,2,0.4909206349206349,30928
73,2515,0,200,100,55,100,74,74RandomOvenSchedulingInstance-n100-k5-a2-WithInitialStates.dzn,11592000,92,110400,0,46,0.9731349206349208,11280580
74,453,0,184,98,10,98,75,75RandomOvenSchedulingInstance-n100-k5-a2-WithInitialStates.dzn,74970000,560,714000,0,357,0.9375932773109243,70291368
75,148,0,25,100,25,100,76,76RandomOvenSchedulingInstance-n100-k5-a5-WithInitialStates.dzn,63000,4,600,0,6,0.96415873015873,60742
76,52,0,3,82,7,82,77,77RandomOvenSchedulingInstance-n100-k5-a5-WithInitialStates.dzn,63000,4,600,0,2,0.7843492063492064,49414
77,96,0,6,35,17,35,78,78RandomOvenSchedulingInstance-n100-k5-a5-WithInitialStates.dzn,63000,4,600,0,2,0.3396190476190476,21396
78,1721,0,230,100,28,100,79,79RandomOvenSchedulingInstance-n100-k5-a5-WithInitialStates.dzn,12862500,100,122500,0,49,0.9666371234207968,12433370
79,899,0,254,36,17,36,80,80RandomOvenSchedulingInstance-n100-k5-a5-WithInitialStates.dzn,307912500,2300,2932500,0,1173,0.3505399813258636,107935642
80,185,0,23,72,35,72,81,81RandomOvenSchedulingInstance-n250-k2-a2--2212-22.44.12.dzn,157500,4,600,0,2,0.2792761904761904,43986
81,67,0,32,228,16,228,82,82RandomOvenSchedulingInstance-n250-k2-a2--2212-22.44.15.dzn,157500,4,600,0,3,0.8708825396825397,137164
82,803,0,284,71,142,70,83,83RandomOvenSchedulingInstance-n250-k2-a2--2212-22.44.53.dzn,157500,4,600,0,3,0.2962793650793651,46664
83,7231,0,1450,250,146,250,84,84RandomOvenSchedulingInstance-n250-k2-a2--2212-22.44.59.dzn,400286250,1196,1524900,0,663,0.976387837453822,390834626
84,702,0,344,61,138,61,85,85RandomOvenSchedulingInstance-n250-k2-a2--2212-22.47.02.dzn,157500,4,600,0,2,0.2545777777777778,40096
85,756,0,36,250,137,250,86,86RandomOvenSchedulingInstance-n250-k2-a5--2212-22.47.09.dzn,157500,4,600,0,2,0.9720380952380951,153096
86,343,0,72,168,61,168,87,87RandomOvenSchedulingInstance-n250-k2-a5--2212-22.47.15.dzn,157500,4,600,0,2,0.6496253968253968,102316
87,1500,0,108,166,36,166,88,88RandomOvenSchedulingInstance-n250-k2-a5--2212-22.47.19.dzn,678562500,2200,2585000,0,1175,0.6374311872524638,432536900
88,215,0,0,250,34,250,89,89RandomOvenSchedulingInstance-n250-k2-a5--2212-22.47.22.dzn,157500,4,600,0,6,0.9578412698412698,150860
89,3877,0,360,250,80,250,90,90RandomOvenSchedulingInstance-n250-k2-a5--2212-22.47.28.dzn,133875000,400,510000,0,204,0.9645134640522876,129124240
90,235,0,23,250,48,250,91,91RandomOvenSchedulingInstance-n250-k5-a2--2212-22.47.34.dzn,157500,4,600,0,6,0.9592253968253968,151078
91,543,0,192,225,14,225,92,92RandomOvenSchedulingInstance-n250-k5-a2--2212-22.48.02.dzn,282555000,828,1076400,0,468,0.8590520783564262,242729460
92,104,0,36,193,17,193,93,93RandomOvenSchedulingInstance-n250-k5-a2--2212-22.48.46.dzn,157500,4,600,0,2,0.738336507936508,116288
93,6598,0,204,76,132,76,94,94RandomOvenSchedulingInstance-n250-k5-a2--2212-22.48.56.dzn,101062500,308,385000,0,550,0.3107422040816326,31404384
94,7620,0,1077,242,140,242,95,95RandomOvenSchedulingInstance-n250-k5-a2--2212-22.49.14.dzn,730406250,2100,2782500,0,1325,0.9457668591965088,690794025
95,760,0,79,250,141,250,96,96RandomOvenSchedulingInstance-n250-k5-a5--2212-22.49.31.dzn,157500,4,600,0,2,0.9726857142857144,153198
96,227,0,15,88,36,88,97,97RandomOvenSchedulingInstance-n250-k5-a5--2212-22.49.40.dzn,157500,4,600,0,2,0.3411936507936507,53738
97,2334,0,224,250,44,250,98,98RandomOvenSchedulingInstance-n250-k5-a5--2212-22.49.43.dzn,204750000,600,780000,0,312,0.959561846153846,196470288
98,6786,0,369,250,134,250,99,99RandomOvenSchedulingInstance-n250-k5-a5--2212-22.52.57.dzn,30187500,92,115000,0,46,0.9736243809523808,29391286
99,252,0,7,144,47,144,100,100RandomOvenSchedulingInstance-n250-k5-a5--2212-22.59.37.dzn,157500,4,600,0,2,0.5550603174603175,87422
100,235,0,172,346,86,346,101,101RandomOvenSchedulingInstance-n500-k2-a2--2312-08.39.34.dzn,315000,4,600,0,3,0.6636698412698413,209056
101,3081,0,555,500,61,500,102,102RandomOvenSchedulingInstance-n500-k2-a2--2312-08.39.52.dzn,337365000,476,642600,0,306,0.9572314436885866,322936386
102,13105,0,1028,243,264,243,103,103RandomOvenSchedulingInstance-n500-k2-a2--2312-08.42.31.dzn,133875000,204,255000,0,150,0.4839784873949579,64792620
103,349,0,107,201,107,201,104,104RandomOvenSchedulingInstance-n500-k2-a2--2312-08.43.18.dzn,315000,4,600,0,6,0.3893269841269841,122638
104,1452,0,261,500,267,500,105,105RandomOvenSchedulingInstance-n500-k2-a2--2312-08.43.24.dzn,315000,4,600,0,3,0.973304761904762,306591
105,529,0,185,500,167,500,106,106RandomOvenSchedulingInstance-n500-k2-a5--2312-08.45.54.dzn,315000,4,600,0,2,0.9602730158730158,302486
106,13979,0,2740,500,274,500,107,107RandomOvenSchedulingInstance-n500-k2-a5--2312-08.46.41.dzn,5250000,8,10000,0,10,0.9789013333333332,5139232
107,841,0,37,227,194,227,108,108RandomOvenSchedulingInstance-n500-k2-a5--2312-08.48.35.dzn,315000,4,600,0,2,0.4432952380952381,139638
108,323,0,222,95,74,93,109,109RandomOvenSchedulingInstance-n500-k2-a5--2312-08.48.50.dzn,315000,4,600,0,2,0.186463492063492,58736
109,13960,0,1632,500,264,500,110,110RandomOvenSchedulingInstance-n500-k2-a5--2312-08.48.59.dzn,69562500,100,132500,0,53,0.9736926648697216,67732496
110,12706,0,3237,500,249,500,111,111RandomOvenSchedulingInstance-n500-k5-a2--0301-10.09.05.dzn,243652500,364,464100,0,357,0.976105695611578,237830593
111,90,0,21,178,19,178,112,112RandomOvenSchedulingInstance-n500-k5-a2--2312-10.35.09.dzn,315000,4,600,0,2,0.3403238095238095,107202
112,463,0,85,500,87,500,113,113RandomOvenSchedulingInstance-n500-k5-a2--2312-10.35.11.dzn,315000,4,600,0,2,0.9588,302022
113,13551,0,2191,127,274,126,114,114RandomOvenSchedulingInstance-n500-k5-a2--2312-10.36.44.dzn,66937500,100,127500,0,85,0.2649312418300653,17733835
114,1521,0,0,500,269,500,115,115RandomOvenSchedulingInstance-n500-k5-a2--2312-10.37.20.dzn,315000,4,600,0,6,0.971695238095238,306084
115,144,0,82,318,41,318,116,116RandomOvenSchedulingInstance-n500-k5-a5--2312-10.43.12.dzn,315000,4,600,0,3,0.6083238095238095,191622
116,1501,0,554,424,277,413,117,117RandomOvenSchedulingInstance-n500-k5-a5--2312-10.43.31.dzn,315000,4,600,0,3,0.8319555555555556,262066
117,524,0,0,500,103,500,118,118RandomOvenSchedulingInstance-n500-k5-a5--2312-10.44.39.dzn,315000,4,600,0,6,0.9590349206349208,302096
118,1510,0,386,407,277,407,119,119RandomOvenSchedulingInstance-n500-k5-a5--2312-10.45.22.dzn,315000,4,600,0,2,0.796863492063492,251012
119,4931,0,433,500,75,500,120,120RandomOvenSchedulingInstance-n500-k5-a5--2312-11.10.45.dzn,66937500,100,127500,0,51,0.9600774304388422,64265183
