,instance_number,totalTime,time required for calculation of batch count lower bound,time required for calculation of tardiness lower bound,time required for calculation of setup cost lower bound
0,1,0.83236,0.02869,0.03271,0.72635
1,2,1.05217,0.02659,0.02379,0.96051
2,3,1.05224,0.02656,0.02391,0.96062
3,4,1.00691,0.02542,0.02882,0.91063
4,5,1.00629,0.02724,0.02952,0.91241
5,6,1.02566,0.02844,0.02579,0.92246
6,7,1.0246,0.02564,0.02535,0.92516
7,8,1.02007,0.02718,0.02715,0.91511
8,9,1.03978,0.0287,0.02585,0.93638
9,100,3.79429,1.23833,2.38786,0.12371
10,101,20.08461,16.22026,3.67275,0.14112
11,102,22.47874,16.4309,5.87129,0.11891
12,103,34.58819,15.15184,18.67404,0.71254
13,104,18.15394,15.84329,2.09024,0.17391
14,105,19.83918,16.02435,3.21727,0.5396
15,106,14.0853,2.96786,10.79311,0.26807
16,107,7.1112,3.52148,2.70964,0.81489
17,108,7.92633,2.89704,4.47011,0.50885
18,109,5.47233,3.76536,1.53476,0.12751
19,10,1.03142,0.02586,0.02615,0.92883
20,110,13.99631,3.45319,9.54616,0.93159
21,111,35.21911,26.65403,7.97111,0.53171
22,112,33.04277,28.40729,4.48656,0.09948
23,113,35.35209,27.90191,7.23439,0.15777
24,114,25.74303,21.63442,3.2655,0.79468
25,115,29.11358,26.50283,2.41905,0.13069
26,116,7.29226,4.83847,2.29682,0.10523
27,117,7.47716,4.84695,1.92113,0.64907
28,118,13.52355,5.93052,7.43082,0.10327
29,119,15.10955,4.70656,9.57196,0.77051
30,11,1.03175,0.02812,0.02662,0.93144
31,120,114.09395,6.0274,107.85324,0.15301
32,12,1.00584,0.02687,0.03023,0.90597
33,13,1.00742,0.02677,0.029,0.90948
34,14,1.01927,0.02634,0.0336,0.91315
35,15,1.01912,0.02605,0.03421,0.91423
36,16,1.01154,0.03042,0.03187,0.89603
37,17,0.19296,0.02557,0.02448,0.10489
38,18,0.18724,0.02623,0.02165,0.09845
39,19,0.2039,0.02421,0.04128,0.09761
40,20,0.264,0.02367,0.10176,0.09782
41,21,0.22114,0.03473,0.04695,0.0986
42,22,0.2151,0.03434,0.04496,0.09537
43,23,0.24118,0.03906,0.06318,0.09606
44,24,0.24461,0.03634,0.06365,0.10133
45,25,0.22623,0.03662,0.05425,0.09476
46,26,0.22095,0.02817,0.05783,0.0944
47,27,0.26598,0.02803,0.10121,0.09588
48,28,0.22713,0.03116,0.05795,0.09724
49,29,0.21585,0.03337,0.04551,0.09645
50,30,0.23536,0.03271,0.05766,0.10048
51,31,0.2443,0.04797,0.05992,0.09635
52,32,0.23389,0.04373,0.05364,0.09628
53,33,0.23887,0.0479,0.05348,0.0964
54,34,0.27575,0.0402,0.09771,0.0967
55,35,0.24406,0.04667,0.06356,0.09361
56,36,0.23429,0.03306,0.06338,0.09685
57,37,0.20857,0.03102,0.04009,0.09573
58,38,0.24164,0.0309,0.06695,0.10157
59,39,0.22692,0.03463,0.05327,0.09754
60,40,0.21658,0.03222,0.04454,0.09808
61,41,0.37942,0.10357,0.13098,0.10124
62,42,0.78602,0.11709,0.15352,0.4625
63,43,0.29964,0.09793,0.06539,0.09543
64,44,0.34067,0.10388,0.10129,0.09472
65,45,0.76573,0.09983,0.13328,0.47975
66,46,0.28451,0.04583,0.09766,0.09913
67,47,0.34936,0.04692,0.16419,0.09722
68,48,0.51895,0.04658,0.33534,0.09574
69,49,0.25534,0.05046,0.06339,0.0987
70,50,0.54965,0.04657,0.36504,0.09708
71,51,0.40309,0.14241,0.12376,0.09555
72,52,0.37326,0.14173,0.09415,0.09572
73,53,0.38322,0.13352,0.10507,0.10196
74,54,0.38836,0.16774,0.08536,0.09359
75,55,0.89187,0.14603,0.12768,0.57485
76,56,0.38763,0.0727,0.17697,0.09664
77,57,0.30478,0.05419,0.11273,0.09689
78,58,0.3093,0.06994,0.09682,0.10082
79,59,0.32531,0.06423,0.12278,0.09638
80,60,1.07647,0.0638,0.31201,0.65577
81,61,1.02171,0.58034,0.2998,0.09967
82,62,0.93786,0.51951,0.27,0.10545
83,63,0.81917,0.41444,0.26663,0.09668
84,64,1.49126,0.4369,0.90333,0.10746
85,65,1.42601,0.38805,0.46683,0.52674
86,66,1.21821,0.12271,0.25853,0.78818
87,67,0.55863,0.13383,0.28705,0.09574
88,68,1.11502,0.11897,0.42644,0.52244
89,69,0.87253,0.14683,0.57907,0.10558
90,70,1.34655,0.14269,0.64782,0.51056
91,71,1.31197,0.81205,0.36099,0.09633
92,72,1.63576,0.79281,0.70295,0.09705
93,73,1.66623,0.84679,0.26058,0.51485
94,74,2.11848,0.74149,0.71331,0.61861
95,75,1.17953,0.78805,0.24469,0.10178
96,76,0.45359,0.20454,0.10714,0.09973
97,77,0.90937,0.25581,0.51513,0.09514
98,78,0.98504,0.22698,0.61618,0.09985
99,79,0.91949,0.26043,0.50522,0.1102
100,80,0.76418,0.2261,0.39609,0.09926
101,81,3.38458,2.03624,1.20311,0.10276
102,82,2.63644,2.15954,0.33489,0.0965
103,83,3.63679,2.45054,0.91487,0.22393
104,84,6.98825,2.09746,4.38169,0.45744
105,85,4.00219,2.53129,1.19852,0.22769
106,86,2.37826,0.83887,1.04953,0.43961
107,87,1.90289,0.94105,0.79071,0.12449
108,88,4.90405,0.9898,3.75259,0.11762
109,89,1.61118,1.00276,0.45844,0.10019
110,90,8.78241,0.89358,7.6935,0.1467
111,91,5.69337,3.43957,2.08647,0.11796
112,92,6.90132,4.07656,2.6802,0.09735
113,93,5.6318,4.04975,1.43614,0.09951
114,94,7.18405,3.79016,3.12348,0.21938
115,95,5.00477,3.29588,1.2435,0.41197
116,96,3.98233,1.49824,1.76933,0.65987
117,97,4.30596,1.25828,2.89549,0.10737
118,98,20.61355,1.46776,18.97007,0.1276
119,99,9.82316,1.39083,7.65837,0.72004
